,Time(s),Kn,Chamber Pressure(Pa),Thrust(N),Propellant Mass(G1;kg),Volume Loading(%),Mass Flow(G1;kg/s),Mass Flux(G1;kg/(m^2*s)),Regression Depth(G1;m),Web(G1;m),Nozzle Exit Pressure(Pa),Change in Throat Diameter(m),type
0,"0        0.0000
1        0.0001
2        0.0002
3        0.0003
4        0.0004
          ...  
26995    2.6995
26996    2.6996
26997    2.6997
26998    2.6998
26999    2.6999
Length: 27000, dtype: float64","0        141.57462
1        141.57503
2        141.53558
3        141.49618
4        141.45680
           ...    
26995     38.27122
26996     38.27061
26997     38.27000
26998     38.26939
26999     38.26879
Length: 27000, dtype: float64","0        1.271278e+06
1        1.271284e+06
2        1.270700e+06
3        1.270117e+06
4        1.269534e+06
             ...     
26995    1.470731e+05
26996    1.470692e+05
26997    1.470654e+05
26998    1.470615e+05
26999    1.470576e+05
Length: 27000, dtype: float64","0          0.00000
1        664.76550
2        664.63210
3        664.49880
4        664.36562
           ...    
26995    276.85526
26996    276.85250
26997    276.84974
26998    276.84697
26999    276.84421
Length: 27000, dtype: float64","0        2.38667
1        2.38667
2        2.38664
3        2.38660
4        2.38657
          ...   
26995    1.86752
26996    1.86751
26997    1.86749
26998    1.86748
26999    1.86746
Length: 27000, dtype: float64","0        65.20319
1        65.20226
2        65.20134
3        65.20042
4        65.19950
           ...   
26995    51.01984
26996    51.01944
26997    51.01903
26998    51.01862
26999    51.01821
Length: 27000, dtype: float64","0        0.00000
1        0.00000
2        0.33767
3        0.33767
4        0.33761
          ...   
26995    0.14959
26996    0.14959
26997    0.14959
26998    0.14959
26999    0.14959
Length: 27000, dtype: float64","0         0.00000
1        90.30736
2        90.30610
3        90.28836
4        90.27062
           ...   
26995    30.82017
26996    30.81967
26997    30.81916
26998    30.81865
26999    30.81814
Length: 27000, dtype: float64","0        0.00000
1        0.00000
2        0.00000
3        0.00000
4        0.00000
          ...   
26995    0.00501
26996    0.00501
26997    0.00501
26998    0.00501
26999    0.00501
Length: 27000, dtype: float64","0        0.02257
1        0.02257
2        0.02257
3        0.02257
4        0.02257
          ...   
26995    0.01756
26996    0.01756
26997    0.01756
26998    0.01756
26999    0.01756
Length: 27000, dtype: float64","0            0.00000
1        25136.25424
2        25124.70856
3        25113.17514
4        25101.65398
            ...     
26995     2907.97887
26996     2907.90253
26997     2907.82620
26998     2907.74987
26999     2907.67355
Length: 27000, dtype: float64","0        0.00000
1        0.00000
2        0.00001
3        0.00001
4        0.00001
          ...   
26995    0.02116
26996    0.02116
26997    0.02116
26998    0.02116
26999    0.02116
Length: 27000, dtype: float64",nozzle_erosion
1,"0        0.0000
1        0.0001
2        0.0002
3        0.0003
4        0.0004
          ...  
26995    2.6995
26996    2.6996
26997    2.6997
26998    2.6998
26999    2.6999
Length: 27000, dtype: float64","0        276.34406
1        276.34553
2        275.92958
3        275.51547
4        275.10319
           ...    
26995     29.76541
26996     29.76487
26997     29.76433
26998     29.76378
26999     29.76324
Length: 27000, dtype: float64","0        3.567544e+06
1        3.567571e+06
2        3.559830e+06
3        3.552129e+06
4        3.544467e+06
             ...     
26995    1.435054e+05
26996    1.435016e+05
26997    1.434979e+05
26998    1.434941e+05
26999    1.434903e+05
Length: 27000, dtype: float64","0           0.00000
1        1067.75489
2        1066.94357
3        1066.13541
4        1065.33037
            ...    
26995     407.61637
26996     407.61356
26997     407.61074
26998     407.60793
26999     407.60511
Length: 27000, dtype: float64","0        3.19730
1        3.19730
2        3.19725
3        3.19720
4        3.19715
          ...   
26995    2.56261
26996    2.56259
26997    2.56257
26998    2.56255
26999    2.56253
Length: 27000, dtype: float64","0        75.34645
1        75.34531
2        75.34416
3        75.34302
4        75.34188
           ...   
26995    60.38916
26996    60.38871
26997    60.38826
26998    60.38781
26999    60.38736
Length: 27000, dtype: float64","0        0.00000
1        0.00000
2        0.48553
3        0.48553
4        0.48521
          ...   
26995    0.19129
26996    0.19129
26997    0.19128
26998    0.19128
26999    0.19128
Length: 27000, dtype: float64","0          0.00000
1        152.76648
2        152.76306
3        152.65760
4        152.55252
           ...    
26995     42.60094
26996     42.60025
26997     42.59957
26998     42.59888
26999     42.59820
Length: 27000, dtype: float64","0        0.00000
1        0.00000
2        0.00000
3        0.00000
4        0.00000
          ...   
26995    0.00612
26996    0.00612
26997    0.00612
26998    0.00612
26999    0.00612
Length: 27000, dtype: float64","0        0.02980
1        0.02980
2        0.02980
3        0.02979
4        0.02979
          ...   
26995    0.02367
26996    0.02367
26997    0.02367
26998    0.02367
26999    0.02367
Length: 27000, dtype: float64","0            0.00000
1        35846.89444
2        35769.11465
3        35691.73080
4        35614.73975
            ...     
26995     1441.94010
26996     1441.90215
26997     1441.86420
26998     1441.82625
26999     1441.78830
Length: 27000, dtype: float64","0        0.00000
1        0.00001
2        0.00002
3        0.00004
4        0.00005
          ...   
26995    0.03439
26996    0.03439
26997    0.03439
26998    0.03439
26999    0.03439
Length: 27000, dtype: float64",nozzle_erosion
2,"0        0.0000
1        0.0001
2        0.0002
3        0.0003
4        0.0004
          ...  
26995    2.6995
26996    2.6996
26997    2.6997
26998    2.6998
26999    2.6999
Length: 27000, dtype: float64","0        104.24892
1        104.24969
2        104.17063
3        104.09175
4        104.01306
           ...    
26995     17.81254
26996     17.81225
26997     17.81195
26998     17.81166
26999     17.81136
Length: 27000, dtype: float64","0        1.185893e+06
1        1.185907e+06
2        1.184467e+06
3        1.183030e+06
4        1.181598e+06
             ...     
26995    6.999166e+04
26996    6.998980e+04
26997    6.998795e+04
26998    6.998609e+04
26999    6.998424e+04
Length: 27000, dtype: float64","0          0.00000
1        708.34273
2        707.98026
3        707.61859
4        707.25772
           ...    
26995    244.72504
26996    244.72290
26997    244.72077
26998    244.71863
26999    244.71650
Length: 27000, dtype: float64","0        1.47470
1        1.47470
2        1.47466
3        1.47462
4        1.47458
          ...   
26995    0.99106
26996    0.99104
26997    0.99103
26998    0.99101
26999    0.99100
Length: 27000, dtype: float64","0        64.83776
1        64.83611
2        64.83445
3        64.83280
4        64.83114
           ...   
26995    43.57305
26996    43.57243
26997    43.57182
26998    43.57121
26999    43.57059
Length: 27000, dtype: float64","0        0.00000
1        0.00000
2        0.37648
3        0.37649
4        0.37632
          ...   
26995    0.13971
26996    0.13971
26997    0.13971
26998    0.13970
26999    0.13970
Length: 27000, dtype: float64","0          0.00000
1        146.04119
2        146.03781
3        145.96713
4        145.89660
           ...    
26995     36.80994
26996     36.80927
26997     36.80860
26998     36.80793
26999     36.80727
Length: 27000, dtype: float64","0        0.00000
1        0.00000
2        0.00000
3        0.00000
4        0.00000
          ...   
26995    0.00639
26996    0.00639
26997    0.00639
26998    0.00639
26999    0.00639
Length: 27000, dtype: float64","0        0.01869
1        0.01869
2        0.01869
3        0.01869
4        0.01869
          ...   
26995    0.01230
26996    0.01230
26997    0.01230
26998    0.01230
26999    0.01230
Length: 27000, dtype: float64","0            0.00000
1        32494.40868
2        32454.94631
3        32415.59519
4        32376.35481
            ...     
26995     1917.80474
26996     1917.75390
26997     1917.70307
26998     1917.65223
26999     1917.60140
Length: 27000, dtype: float64","0        0.00000
1        0.00001
2        0.00002
3        0.00003
4        0.00004
          ...   
26995    0.03520
26996    0.03520
26997    0.03520
26998    0.03520
26999    0.03520
Length: 27000, dtype: float64",nozzle_erosion
3,"0        0.0000
1        0.0001
2        0.0002
3        0.0003
4        0.0004
          ...  
26995    2.6995
26996    2.6996
26997    2.6997
26998    2.6998
26999    2.6999
Length: 27000, dtype: float64","0        420.31945
1        420.32630
2        405.24139
3        391.70526
4        379.46731
           ...    
26995     10.00751
26996     10.00733
26997     10.00716
26998     10.00698
26999     10.00680
Length: 27000, dtype: float64","0        1.247696e+07
1        1.247726e+07
2        1.180480e+07
3        1.121226e+07
4        1.068556e+07
             ...     
26995    4.320164e+04
26996    4.320047e+04
26997    4.319931e+04
26998    4.319815e+04
26999    4.319699e+04
Length: 27000, dtype: float64","0           0.00000
1        1866.12067
2        1827.31380
3        1792.08520
4        1759.88467
            ...    
26995     283.12452
26996     283.12231
26997     283.12010
26998     283.11789
26999     283.11569
Length: 27000, dtype: float64","0        1.78735
1        1.78735
2        1.78726
3        1.78717
4        1.78708
          ...   
26995    1.30164
26996    1.30162
26997    1.30161
26998    1.30160
26999    1.30158
Length: 27000, dtype: float64","0        70.27138
1        70.26785
2        70.26432
3        70.26086
4        70.25745
           ...   
26995    51.17468
26996    51.17413
26997    51.17358
26998    51.17303
26999    51.17248
Length: 27000, dtype: float64","0        0.00000
1        0.00000
2        0.89756
3        0.89758
4        0.88083
          ...   
26995    0.13944
26996    0.13944
26997    0.13944
26998    0.13943
26999    0.13943
Length: 27000, dtype: float64","0          0.00000
1        354.83353
2        354.81280
3        348.16327
4        342.09286
           ...    
26995     37.40621
26996     37.40556
26997     37.40490
26998     37.40425
26999     37.40359
Length: 27000, dtype: float64","0        0.00000
1        0.00000
2        0.00000
3        0.00000
4        0.00000
          ...   
26995    0.00629
26996    0.00629
26997    0.00629
26998    0.00629
26999    0.00629
Length: 27000, dtype: float64","0        0.02222
1        0.02221
2        0.02221
3        0.02221
4        0.02221
          ...   
26995    0.01593
26996    0.01593
26997    0.01593
26998    0.01593
26999    0.01593
Length: 27000, dtype: float64","0             0.00000
1        136165.18046
2        128826.53927
3        122360.11717
4        116612.15954
             ...     
26995       471.46224
26996       471.44957
26997       471.43690
26998       471.42422
26999       471.41155
Length: 27000, dtype: float64","0        0.00000
1        0.00021
2        0.00042
3        0.00061
4        0.00079
          ...   
26995    0.06604
26996    0.06604
26997    0.06604
26998    0.06604
26999    0.06604
Length: 27000, dtype: float64",nozzle_erosion
4,"0        0.0000
1        0.0001
2        0.0002
3        0.0003
4        0.0004
          ...  
26995    2.6995
26996    2.6996
26997    2.6997
26998    2.6998
26999    2.6999
Length: 27000, dtype: float64","0        135.82012
1        135.82341
2        135.28454
3        134.75231
4        134.22658
           ...    
26995     11.28848
26996     11.28830
26997     11.28812
26998     11.28795
26999     11.28777
Length: 27000, dtype: float64","0        2.284586e+06
1        2.284675e+06
2        2.270084e+06
3        2.255708e+06
4        2.241541e+06
             ...     
26995    4.146454e+04
26996    4.146350e+04
26997    4.146245e+04
26998    4.146140e+04
26999    4.146036e+04
Length: 27000, dtype: float64","0          0.00000
1        711.43191
2        709.45819
3        707.50749
4        705.57934
           ...    
26995    172.50586
26996    172.50483
26997    172.50380
26998    172.50277
26999    172.50174
Length: 27000, dtype: float64","0        2.17585
1        2.17585
2        2.17581
3        2.17577
4        2.17573
          ...   
26995    1.85120
26996    1.85119
26997    1.85118
26998    1.85117
26999    1.85116
Length: 27000, dtype: float64","0        89.51310
1        89.51157
2        89.51003
3        89.50849
4        89.50696
           ...   
26995    76.15692
26996    76.15653
26997    76.15613
26998    76.15574
26999    76.15535
Length: 27000, dtype: float64","0        0.00000
1        0.00000
2        0.37369
3        0.37370
4        0.37280
          ...   
26995    0.09590
26996    0.09590
26997    0.09590
26998    0.09590
26999    0.09590
Length: 27000, dtype: float64","0          0.00000
1        504.68445
2        504.65900
3        503.40064
4        502.15574
           ...    
26995     70.81554
26996     70.81412
26997     70.81270
26998     70.81128
26999     70.80986
Length: 27000, dtype: float64","0        0.00000
1        0.00000
2        0.00000
3        0.00000
4        0.00000
          ...   
26995    0.00539
26996    0.00539
26997    0.00539
26998    0.00539
26999    0.00539
Length: 27000, dtype: float64","0        0.02920
1        0.02920
2        0.02920
3        0.02920
4        0.02920
          ...   
26995    0.02381
26996    0.02381
26997    0.02381
26998    0.02381
26999    0.02381
Length: 27000, dtype: float64","0            0.00000
1        79802.61650
2        79292.96478
3        78790.80763
4        78295.97355
            ...     
26995     1448.33666
26996     1448.30013
26997     1448.26360
26998     1448.22708
26999     1448.19055
Length: 27000, dtype: float64","0        0.00000
1        0.00003
2        0.00007
3        0.00010
4        0.00013
          ...   
26995    0.04695
26996    0.04695
26997    0.04695
26998    0.04695
26999    0.04695
Length: 27000, dtype: float64",nozzle_erosion
5,"0        0.0000
1        0.0001
2        0.0002
3        0.0003
4        0.0004
          ...  
26995    2.6995
26996    2.6996
26997    2.6997
26998    2.6998
26999    2.6999
Length: 27000, dtype: float64","0        156.81338
1        156.83086
2        156.56618
3        156.30295
4        156.04115
           ...    
26995     23.26419
26996     23.26383
26997     23.26347
26998     23.26311
26999     23.26275
Length: 27000, dtype: float64","0        6.369112e+06
1        6.370262e+06
2        6.352850e+06
3        6.335551e+06
4        6.318365e+06
             ...     
26995    2.892241e+05
26996    2.892168e+05
26997    2.892096e+05
26998    2.892023e+05
26999    2.891951e+05
Length: 27000, dtype: float64","0          0.00000
1        852.92899
2        851.99597
3        851.06794
4        850.14486
           ...    
26995    456.50151
26996    456.50061
26997    456.49971
26998    456.49880
26999    456.49790
Length: 27000, dtype: float64","0        0.81956
1        0.81956
2        0.81952
3        0.81947
4        0.81942
          ...   
26995    0.05327
26996    0.05324
26997    0.05321
26998    0.05319
26999    0.05316
Length: 27000, dtype: float64","0        89.16374
1        89.15849
2        89.15324
3        89.14799
4        89.14274
           ...   
26995     5.79221
26996     5.78924
26997     5.78627
26998     5.78330
26999     5.78034
Length: 27000, dtype: float64","0        0.00000
1        0.00000
2        0.48276
3        0.48285
4        0.48240
          ...   
26995    0.27274
26996    0.27274
26997    0.27274
26998    0.27274
26999    0.27273
Length: 27000, dtype: float64","0           0.00000
1        1686.69823
2        1686.43377
3        1684.28737
4        1682.15084
            ...    
26995     126.61040
26996     126.60575
26997     126.60109
26998     126.59644
26999     126.59179
Length: 27000, dtype: float64","0        0.00000
1        0.00000
2        0.00000
3        0.00000
4        0.00001
          ...   
26995    0.01720
26996    0.01721
26997    0.01721
26998    0.01721
26999    0.01721
Length: 27000, dtype: float64","0        0.01816
1        0.01816
2        0.01815
3        0.01815
4        0.01815
          ...   
26995    0.00095
26996    0.00095
26997    0.00095
26998    0.00095
26999    0.00095
Length: 27000, dtype: float64","0             0.00000
1        205954.94331
2        205392.00176
3        204832.72288
4        204277.06941
             ...     
26995      9350.81428
26996      9350.57945
26997      9350.34464
26998      9350.10984
26999      9349.87505
Length: 27000, dtype: float64","0        0.00000
1        0.00001
2        0.00002
3        0.00003
4        0.00004
          ...   
26995    0.02880
26996    0.02880
26997    0.02880
26998    0.02880
26999    0.02880
Length: 27000, dtype: float64",nozzle_throat_clogging
6,"0        0.0000
1        0.0001
2        0.0002
3        0.0003
4        0.0004
          ...  
26995    2.6995
26996    2.6996
26997    2.6997
26998    2.6998
26999    2.6999
Length: 27000, dtype: float64","0        245.79799
1        245.80655
2        245.41952
3        245.03442
4        244.65121
           ...    
26995     32.93390
26996     32.93340
26997     32.93290
26998     32.93240
26999     32.93191
Length: 27000, dtype: float64","0        5.942866e+06
1        5.943199e+06
2        5.928125e+06
3        5.913140e+06
4        5.898243e+06
             ...     
26995    2.328707e+05
26996    2.328650e+05
26997    2.328593e+05
26998    2.328537e+05
26999    2.328480e+05
Length: 27000, dtype: float64","0           0.00000
1        1022.62157
2        1021.51927
3        1020.42218
4        1019.33027
            ...    
26995     367.96798
26996     367.96642
26997     367.96485
26998     367.96328
26999     367.96172
Length: 27000, dtype: float64","0        2.17585
1        2.17585
2        2.17579
3        2.17574
4        2.17568
          ...   
26995    1.52633
26996    1.52631
26997    1.52629
26998    1.52627
26999    1.52625
Length: 27000, dtype: float64","0        89.51310
1        89.51089
2        89.50868
3        89.50648
4        89.50427
           ...   
26995    62.79149
26996    62.79065
26997    62.78981
26998    62.78897
26999    62.78813
Length: 27000, dtype: float64","0        0.00000
1        0.00000
2        0.53714
3        0.53717
4        0.53667
          ...   
26995    0.20422
26996    0.20422
26997    0.20422
26998    0.20422
26999    0.20422
Length: 27000, dtype: float64","0          0.00000
1        725.40161
2        725.34903
3        724.58238
4        723.81898
           ...    
26995    100.50435
26996    100.50174
26997    100.49914
26998    100.49653
26999    100.49392
Length: 27000, dtype: float64","0        0.00000
1        0.00000
2        0.00000
3        0.00000
4        0.00000
          ...   
26995    0.01013
26996    0.01013
26997    0.01013
26998    0.01013
26999    0.01014
Length: 27000, dtype: float64","0        0.02920
1        0.02920
2        0.02920
3        0.02920
4        0.02920
          ...   
26995    0.01907
26996    0.01907
26997    0.01907
26998    0.01907
26999    0.01907
Length: 27000, dtype: float64","0             0.00000
1        207593.11807
2        207066.58648
3        206543.16795
4        206022.83371
             ...     
26995      8134.06273
26996      8133.86420
26997      8133.66568
26998      8133.46717
26999      8133.26868
Length: 27000, dtype: float64","0        0.00000
1        0.00001
2        0.00002
3        0.00003
4        0.00004
          ...   
26995    0.02674
26996    0.02674
26997    0.02674
26998    0.02674
26999    0.02674
Length: 27000, dtype: float64",nozzle_throat_clogging
7,"0        0.0000
1        0.0001
2        0.0002
3        0.0003
4        0.0004
          ...  
26995    2.6995
26996    2.6996
26997    2.6997
26998    2.6998
26999    2.6999
Length: 27000, dtype: float64","0        135.32326
1        135.32381
2        135.30868
3        135.29355
4        135.27843
           ...    
26995     52.76444
26996     52.76366
26997     52.76287
26998     52.76209
26999     52.76130
Length: 27000, dtype: float64","0        820628.97947
1        820634.01987
2        820494.42057
3        820354.87763
4        820215.39100
             ...     
26995    195838.14672
26996    195833.71395
26997    195829.28142
26998    195824.84913
26999    195820.41708
Length: 27000, dtype: float64","0          0.00000
1        350.86064
2        350.83853
3        350.81643
4        350.79434
           ...    
26995    225.14348
26996    225.14205
26997    225.14063
26998    225.13921
26999    225.13778
Length: 27000, dtype: float64","0        1.81316
1        1.81316
2        1.81314
3        1.81313
4        1.81311
          ...   
26995    1.51938
26996    1.51937
26997    1.51936
26998    1.51935
26999    1.51935
Length: 27000, dtype: float64","0        76.76783
1        76.76722
2        76.76661
3        76.76600
4        76.76539
           ...   
26995    64.32926
26996    64.32886
26997    64.32846
26998    64.32806
26999    64.32766
Length: 27000, dtype: float64","0        0.00000
1        0.00000
2        0.14376
3        0.14376
4        0.14375
          ...   
26995    0.09423
26996    0.09423
26997    0.09423
26998    0.09422
26999    0.09422
Length: 27000, dtype: float64","0         0.00000
1        77.29991
2        77.29901
3        77.29344
4        77.28787
           ...   
26995    36.76257
26996    36.76202
26997    36.76147
26998    36.76091
26999    36.76036
Length: 27000, dtype: float64","0        0.00000
1        0.00000
2        0.00000
3        0.00000
4        0.00000
          ...   
26995    0.00431
26996    0.00431
26997    0.00431
26998    0.00431
26999    0.00431
Length: 27000, dtype: float64","0        0.02437
1        0.02437
2        0.02437
3        0.02437
4        0.02437
          ...   
26995    0.02005
26996    0.02005
26997    0.02005
26998    0.02005
26999    0.02005
Length: 27000, dtype: float64","0            0.00000
1        16922.79652
2        16919.91776
3        16917.04016
4        16914.16372
            ...     
26995     4038.49832
26996     4038.40691
26997     4038.31550
26998     4038.22410
26999     4038.13270
Length: 27000, dtype: float64","0        0.00000
1        0.00000
2        0.00000
3        0.00000
4        0.00000
          ...   
26995    0.01284
26996    0.01284
26997    0.01284
26998    0.01284
26999    0.01284
Length: 27000, dtype: float64",nozzle_throat_clogging
8,"0        0.0000
1        0.0001
2        0.0002
3        0.0003
4        0.0004
          ...  
26995    2.6995
26996    2.6996
26997    2.6997
26998    2.6998
26999    2.6999
Length: 27000, dtype: float64","0        156.81338
1        156.83086
2        156.56618
3        156.30295
4        156.04115
           ...    
26995     23.26419
26996     23.26383
26997     23.26347
26998     23.26311
26999     23.26275
Length: 27000, dtype: float64","0        6.369112e+06
1        6.370262e+06
2        6.352850e+06
3        6.335551e+06
4        6.318365e+06
             ...     
26995    2.892241e+05
26996    2.892168e+05
26997    2.892096e+05
26998    2.892023e+05
26999    2.891951e+05
Length: 27000, dtype: float64","0          0.00000
1        852.92899
2        851.99597
3        851.06794
4        850.14486
           ...    
26995    456.50151
26996    456.50061
26997    456.49971
26998    456.49880
26999    456.49790
Length: 27000, dtype: float64","0        0.81956
1        0.81956
2        0.81952
3        0.81947
4        0.81942
          ...   
26995    0.05327
26996    0.05324
26997    0.05321
26998    0.05319
26999    0.05316
Length: 27000, dtype: float64","0        89.16374
1        89.15849
2        89.15324
3        89.14799
4        89.14274
           ...   
26995     5.79221
26996     5.78924
26997     5.78627
26998     5.78330
26999     5.78034
Length: 27000, dtype: float64","0        0.00000
1        0.00000
2        0.48276
3        0.48285
4        0.48240
          ...   
26995    0.27274
26996    0.27274
26997    0.27274
26998    0.27274
26999    0.27273
Length: 27000, dtype: float64","0           0.00000
1        1686.69823
2        1686.43377
3        1684.28737
4        1682.15084
            ...    
26995     126.61040
26996     126.60575
26997     126.60109
26998     126.59644
26999     126.59179
Length: 27000, dtype: float64","0        0.00000
1        0.00000
2        0.00000
3        0.00000
4        0.00001
          ...   
26995    0.01720
26996    0.01721
26997    0.01721
26998    0.01721
26999    0.01721
Length: 27000, dtype: float64","0        0.01816
1        0.01816
2        0.01815
3        0.01815
4        0.01815
          ...   
26995    0.00095
26996    0.00095
26997    0.00095
26998    0.00095
26999    0.00095
Length: 27000, dtype: float64","0             0.00000
1        205954.94331
2        205392.00176
3        204832.72288
4        204277.06941
             ...     
26995      9350.81428
26996      9350.57945
26997      9350.34464
26998      9350.10984
26999      9349.87505
Length: 27000, dtype: float64","0        0.00000
1        0.00001
2        0.00002
3        0.00003
4        0.00004
          ...   
26995    0.02880
26996    0.02880
26997    0.02880
26998    0.02880
26999    0.02880
Length: 27000, dtype: float64",nozzle_throat_clogging
9,"0        0.0000
1        0.0001
2        0.0002
3        0.0003
4        0.0004
          ...  
26995    0.0000
26996    0.0000
26997    0.0000
26998    0.0000
26999    0.0000
Length: 27000, dtype: float64","0        279.57640
1        279.59460
2        278.98740
3        278.38442
4        277.78561
           ...    
26995      0.00000
26996      0.00000
26997      0.00000
26998      0.00000
26999      0.00000
Length: 27000, dtype: float64","0        2.150460e+07
1        2.150691e+07
2        2.142999e+07
3        2.135371e+07
4        2.127807e+07
             ...     
26995    0.000000e+00
26996    0.000000e+00
26997    0.000000e+00
26998    0.000000e+00
26999    0.000000e+00
Length: 27000, dtype: float64","0           0.00000
1        4797.85228
2        4790.33442
3        4782.86724
4        4775.45016
            ...    
26995       0.00000
26996       0.00000
26997       0.00000
26998       0.00000
26999       0.00000
Length: 27000, dtype: float64","0        2.23061
1        2.23061
2        2.23036
3        2.23010
4        2.22985
          ...   
26995    0.00000
26996    0.00000
26997    0.00000
26998    0.00000
26999    0.00000
Length: 27000, dtype: float64","0        74.97646
1        74.96795
2        74.95943
3        74.95092
4        74.94243
           ...   
26995     0.00000
26996     0.00000
26997     0.00000
26998     0.00000
26999     0.00000
Length: 27000, dtype: float64","0        0.00000
1        0.00000
2        2.53407
3        2.53434
4        2.53094
          ...   
26995    0.00000
26996    0.00000
26997    0.00000
26998    0.00000
26999    0.00000
Length: 27000, dtype: float64","0           0.00000
1        1342.84291
2        1342.65522
3        1340.52164
4        1338.40084
            ...    
26995       0.00000
26996       0.00000
26997       0.00000
26998       0.00000
26999       0.00000
Length: 27000, dtype: float64","0        0.00000
1        0.00000
2        0.00001
3        0.00001
4        0.00001
          ...   
26995    0.00000
26996    0.00000
26997    0.00000
26998    0.00000
26999    0.00000
Length: 27000, dtype: float64","0        0.02311
1        0.02310
2        0.02310
3        0.02310
4        0.02309
          ...   
26995    0.00000
26996    0.00000
26997    0.00000
26998    0.00000
26999    0.00000
Length: 27000, dtype: float64","0             0.00000
1        786214.38801
2        783402.59435
3        780614.22909
4        777848.98760
             ...     
26995         0.00000
26996         0.00000
26997         0.00000
26998         0.00000
26999         0.00000
Length: 27000, dtype: float64","0        0.00000
1        0.00002
2        0.00003
3        0.00005
4        0.00006
          ...   
26995    0.00000
26996    0.00000
26997    0.00000
26998    0.00000
26999    0.00000
Length: 27000, dtype: float64",nozzle_throat_clogging
10,"0        0.0000
1        0.0001
2        0.0002
3        0.0003
4        0.0004
          ...  
26995    2.6995
26996    2.6996
26997    2.6997
26998    2.6998
26999    2.6999
Length: 27000, dtype: float64","0        346.21924
1        346.23216
2        344.73676
3        343.26162
4        341.80628
           ...    
26995     27.73426
26996     27.73376
26997     27.73327
26998     27.73278
26999     27.73228
Length: 27000, dtype: float64","0        2.142643e+07
1        2.142775e+07
2        2.127601e+07
3        2.112674e+07
4        2.097988e+07
             ...     
26995    3.396085e+05
26996    3.395986e+05
26997    3.395886e+05
26998    3.395787e+05
26999    3.395688e+05
Length: 27000, dtype: float64","0           0.00000
1        3266.67787
2        3256.83923
3        3247.12555
4        3237.53408
            ...    
26995     724.46458
26996     724.45665
26997     724.44871
26998     724.44078
26999     724.43285
Length: 27000, dtype: float64","0        1.86319
1        1.86319
2        1.86305
3        1.86291
4        1.86277
          ...   
26995    0.73803
26996    0.73800
26997    0.73796
26998    0.73793
26999    0.73790
Length: 27000, dtype: float64","0        79.21560
1        79.20972
2        79.20384
3        79.19798
4        79.19213
           ...   
26995    31.37675
26996    31.37541
26997    31.37407
26998    31.37273
26999    31.37140
Length: 27000, dtype: float64","0        0.00000
1        0.00000
2        1.38268
3        1.38277
4        1.37898
          ...   
26995    0.31443
26996    0.31443
26997    0.31442
26998    0.31442
26999    0.31442
Length: 27000, dtype: float64","0          0.00000
1        807.49423
2        807.39742
3        805.04215
4        802.71479
           ...    
26995     67.65765
26996     67.65556
26997     67.65347
26998     67.65138
26999     67.64928
Length: 27000, dtype: float64","0        0.00000
1        0.00000
2        0.00000
3        0.00001
4        0.00001
          ...   
26995    0.01573
26996    0.01573
26997    0.01573
26998    0.01574
26999    0.01574
Length: 27000, dtype: float64","0        0.02566
1        0.02566
2        0.02566
3        0.02566
4        0.02565
          ...   
26995    0.00993
26996    0.00993
26997    0.00993
26998    0.00993
26999    0.00993
Length: 27000, dtype: float64","0             0.00000
1        221296.93784
2        219729.87634
3        218188.31668
4        216671.61395
             ...     
26995      3507.33658
26996      3507.23416
26997      3507.13173
26998      3507.02932
26999      3506.92691
Length: 27000, dtype: float64","0        0.00000
1        0.00003
2        0.00005
3        0.00008
4        0.00010
          ...   
26995    0.03231
26996    0.03231
26997    0.03231
26998    0.03231
26999    0.03231
Length: 27000, dtype: float64",delamination
11,"0        0.0000
1        0.0001
2        0.0002
3        0.0003
4        0.0004
          ...  
26995    2.6995
26996    2.6996
26997    2.6997
26998    2.6998
26999    2.6999
Length: 27000, dtype: float64","0        93.80566
1        93.80684
2        93.75847
3        93.71018
4        93.66197
           ...   
26995    18.08949
26996    18.08910
26997    18.08872
26998    18.08833
26999    18.08795
Length: 27000, dtype: float64","0        3.868005e+06
1        3.868084e+06
2        3.864809e+06
3        3.861539e+06
4        3.858277e+06
             ...     
26995    2.590268e+05
26996    2.590177e+05
26997    2.590087e+05
26998    2.589996e+05
26999    2.589906e+05
Length: 27000, dtype: float64","0           0.00000
1        1777.19082
2        1776.55110
3        1775.91238
4        1775.27466
            ...    
26995     566.69179
26996     566.68074
26997     566.66970
26998     566.65865
26999     566.64760
Length: 27000, dtype: float64","0        1.16306
1        1.16306
2        1.16298
3        1.16291
4        1.16283
          ...   
26995    0.15450
26996    0.15447
26997    0.15445
26998    0.15442
26999    0.15440
Length: 27000, dtype: float64","0        69.84612
1        69.84153
2        69.83693
3        69.83234
4        69.82775
           ...   
26995     9.27675
26996     9.27519
26997     9.27362
26998     9.27206
26999     9.27050
Length: 27000, dtype: float64","0        0.00000
1        0.00000
2        0.76505
3        0.76506
4        0.76482
          ...   
26995    0.26024
26996    0.26024
26997    0.26023
26998    0.26023
26999    0.26022
Length: 27000, dtype: float64","0          0.00000
1        350.81039
2        350.78272
3        350.63601
4        350.48950
           ...    
26995     46.53172
26996     46.52997
26997     46.52823
26998     46.52648
26999     46.52474
Length: 27000, dtype: float64","0        0.00000
1        0.00000
2        0.00000
3        0.00000
4        0.00001
          ...   
26995    0.01724
26996    0.01724
26997    0.01724
26998    0.01724
26999    0.01725
Length: 27000, dtype: float64","0        0.02005
1        0.02004
2        0.02004
3        0.02004
4        0.02004
          ...   
26995    0.00280
26996    0.00280
26997    0.00280
26998    0.00280
26999    0.00280
Length: 27000, dtype: float64","0            0.00000
1        92964.12610
2        92885.40178
3        92806.83257
4        92728.41800
            ...     
26995     6225.35514
26996     6225.13764
26997     6224.92016
26998     6224.70269
26999     6224.48523
Length: 27000, dtype: float64","0        0.00000
1        0.00001
2        0.00001
3        0.00002
4        0.00002
          ...   
26995    0.02559
26996    0.02559
26997    0.02559
26998    0.02559
26999    0.02559
Length: 27000, dtype: float64",delamination
12,"0        0.0000
1        0.0001
2        0.0002
3        0.0003
4        0.0004
          ...  
26995    2.6995
26996    2.6996
26997    2.6997
26998    2.6998
26999    2.6999
Length: 27000, dtype: float64","0        93.80566
1        93.80684
2        93.75847
3        93.71018
4        93.66197
           ...   
26995    18.08949
26996    18.08910
26997    18.08872
26998    18.08833
26999    18.08795
Length: 27000, dtype: float64","0        3.868005e+06
1        3.868084e+06
2        3.864809e+06
3        3.861539e+06
4        3.858277e+06
             ...     
26995    2.590268e+05
26996    2.590177e+05
26997    2.590087e+05
26998    2.589996e+05
26999    2.589906e+05
Length: 27000, dtype: float64","0           0.00000
1        1777.19082
2        1776.55110
3        1775.91238
4        1775.27466
            ...    
26995     566.69179
26996     566.68074
26997     566.66970
26998     566.65865
26999     566.64760
Length: 27000, dtype: float64","0        1.16306
1        1.16306
2        1.16298
3        1.16291
4        1.16283
          ...   
26995    0.15450
26996    0.15447
26997    0.15445
26998    0.15442
26999    0.15440
Length: 27000, dtype: float64","0        69.84612
1        69.84153
2        69.83693
3        69.83234
4        69.82775
           ...   
26995     9.27675
26996     9.27519
26997     9.27362
26998     9.27206
26999     9.27050
Length: 27000, dtype: float64","0        0.00000
1        0.00000
2        0.76505
3        0.76506
4        0.76482
          ...   
26995    0.26024
26996    0.26024
26997    0.26023
26998    0.26023
26999    0.26022
Length: 27000, dtype: float64","0          0.00000
1        350.81039
2        350.78272
3        350.63601
4        350.48950
           ...    
26995     46.53172
26996     46.52997
26997     46.52823
26998     46.52648
26999     46.52474
Length: 27000, dtype: float64","0        0.00000
1        0.00000
2        0.00000
3        0.00000
4        0.00001
          ...   
26995    0.01724
26996    0.01724
26997    0.01724
26998    0.01724
26999    0.01725
Length: 27000, dtype: float64","0        0.02005
1        0.02004
2        0.02004
3        0.02004
4        0.02004
          ...   
26995    0.00280
26996    0.00280
26997    0.00280
26998    0.00280
26999    0.00280
Length: 27000, dtype: float64","0            0.00000
1        92964.12610
2        92885.40178
3        92806.83257
4        92728.41800
            ...     
26995     6225.35514
26996     6225.13764
26997     6224.92016
26998     6224.70269
26999     6224.48523
Length: 27000, dtype: float64","0        0.00000
1        0.00001
2        0.00001
3        0.00002
4        0.00002
          ...   
26995    0.02559
26996    0.02559
26997    0.02559
26998    0.02559
26999    0.02559
Length: 27000, dtype: float64",delamination
13,"0        0.0000
1        0.0001
2        0.0002
3        0.0003
4        0.0004
          ...  
26995    2.6995
26996    2.6996
26997    2.6997
26998    2.6998
26999    2.6999
Length: 27000, dtype: float64","0        89.62963
1        89.63575
2        89.60318
3        89.57064
4        89.53814
           ...   
26995    24.13099
26996    24.13056
26997    24.13013
26998    24.12970
26999    24.12927
Length: 27000, dtype: float64","0        2.572911e+06
1        2.573196e+06
2        2.571681e+06
3        2.570168e+06
4        2.568657e+06
             ...     
26995    3.068870e+05
26996    3.068782e+05
26997    3.068693e+05
26998    3.068605e+05
26999    3.068516e+05
Length: 27000, dtype: float64","0          0.00000
1        530.23702
2        530.13356
3        530.03024
4        529.92705
           ...    
26995    351.32250
26996    351.31965
26997    351.31680
26998    351.31395
26999    351.31110
Length: 27000, dtype: float64","0        0.62417
1        0.62417
2        0.62414
3        0.62411
4        0.62409
          ...   
26995    0.03151
26996    0.03149
26997    0.03147
26998    0.03145
26999    0.03143
Length: 27000, dtype: float64","0        89.16374
1        89.15973
2        89.15572
3        89.15171
4        89.14770
           ...   
26995     4.49875
26996     4.49588
26997     4.49301
26998     4.49015
26999     4.48728
Length: 27000, dtype: float64","0        0.00000
1        0.00000
2        0.28072
3        0.28075
4        0.28071
          ...   
26995    0.20070
26996    0.20070
26997    0.20070
26998    0.20069
26999    0.20069
Length: 27000, dtype: float64","0          0.00000
1        949.80297
2        949.68369
3        949.31012
4        948.93695
           ...    
26995     91.92370
26996     91.91983
26997     91.91596
26998     91.91210
26999     91.90823
Length: 27000, dtype: float64","0        0.00000
1        0.00000
2        0.00000
3        0.00000
4        0.00000
          ...   
26995    0.01737
26996    0.01737
26997    0.01737
26998    0.01737
26999    0.01737
Length: 27000, dtype: float64","0        0.01816
1        0.01816
2        0.01815
3        0.01815
4        0.01815
          ...   
26995    0.00079
26996    0.00079
26997    0.00079
26998    0.00079
26999    0.00078
Length: 27000, dtype: float64","0            0.00000
1        83193.19200
2        83144.20166
3        83095.28374
4        83046.43808
            ...     
26995     9921.86774
26996     9921.58188
26997     9921.29602
26998     9921.01018
26999     9920.72435
Length: 27000, dtype: float64","0        0.00000
1        0.00000
2        0.00001
3        0.00001
4        0.00001
          ...   
26995    0.01980
26996    0.01980
26997    0.01980
26998    0.01980
26999    0.01980
Length: 27000, dtype: float64",delamination
14,"0        0.0000
1        0.0001
2        0.0002
3        0.0003
4        0.0004
          ...  
26995    2.6995
26996    2.6996
26997    2.6997
26998    2.6998
26999    2.6999
Length: 27000, dtype: float64","0        93.80566
1        93.80684
2        93.75847
3        93.71018
4        93.66197
           ...   
26995    18.08949
26996    18.08910
26997    18.08872
26998    18.08833
26999    18.08795
Length: 27000, dtype: float64","0        3.868005e+06
1        3.868084e+06
2        3.864809e+06
3        3.861539e+06
4        3.858277e+06
             ...     
26995    2.590268e+05
26996    2.590177e+05
26997    2.590087e+05
26998    2.589996e+05
26999    2.589906e+05
Length: 27000, dtype: float64","0           0.00000
1        1777.19082
2        1776.55110
3        1775.91238
4        1775.27466
            ...    
26995     566.69179
26996     566.68074
26997     566.66970
26998     566.65865
26999     566.64760
Length: 27000, dtype: float64","0        1.16306
1        1.16306
2        1.16298
3        1.16291
4        1.16283
          ...   
26995    0.15450
26996    0.15447
26997    0.15445
26998    0.15442
26999    0.15440
Length: 27000, dtype: float64","0        69.84612
1        69.84153
2        69.83693
3        69.83234
4        69.82775
           ...   
26995     9.27675
26996     9.27519
26997     9.27362
26998     9.27206
26999     9.27050
Length: 27000, dtype: float64","0        0.00000
1        0.00000
2        0.76505
3        0.76506
4        0.76482
          ...   
26995    0.26024
26996    0.26024
26997    0.26023
26998    0.26023
26999    0.26022
Length: 27000, dtype: float64","0          0.00000
1        350.81039
2        350.78272
3        350.63601
4        350.48950
           ...    
26995     46.53172
26996     46.52997
26997     46.52823
26998     46.52648
26999     46.52474
Length: 27000, dtype: float64","0        0.00000
1        0.00000
2        0.00000
3        0.00000
4        0.00001
          ...   
26995    0.01724
26996    0.01724
26997    0.01724
26998    0.01724
26999    0.01725
Length: 27000, dtype: float64","0        0.02005
1        0.02004
2        0.02004
3        0.02004
4        0.02004
          ...   
26995    0.00280
26996    0.00280
26997    0.00280
26998    0.00280
26999    0.00280
Length: 27000, dtype: float64","0            0.00000
1        92964.12610
2        92885.40178
3        92806.83257
4        92728.41800
            ...     
26995     6225.35514
26996     6225.13764
26997     6224.92016
26998     6224.70269
26999     6224.48523
Length: 27000, dtype: float64","0        0.00000
1        0.00001
2        0.00001
3        0.00002
4        0.00002
          ...   
26995    0.02559
26996    0.02559
26997    0.02559
26998    0.02559
26999    0.02559
Length: 27000, dtype: float64",delamination
15,"0        0.0000
1        0.0001
2        0.0002
3        0.0003
4        0.0004
          ...  
26995    2.6995
26996    2.6996
26997    2.6997
26998    2.6998
26999    2.6999
Length: 27000, dtype: float64","0        464.02953
1        464.05841
2        457.61742
3        451.45207
4        445.54302
           ...    
26995     21.38329
26996     21.38289
26997     21.38248
26998     21.38208
26999     21.38168
Length: 27000, dtype: float64","0        5.345379e+07
1        5.345925e+07
2        5.224588e+07
3        5.109467e+07
4        5.000076e+07
             ...     
26995    3.409396e+05
26996    3.409290e+05
26997    3.409185e+05
26998    3.409079e+05
26999    3.408973e+05
Length: 27000, dtype: float64","0           0.00000
1        6597.37170
2        6533.34293
3        6471.87407
4        6412.79105
            ...    
26995    1019.89430
26996    1019.88110
26997    1019.86790
26998    1019.85471
26999    1019.84151
Length: 27000, dtype: float64","0        1.65050
1        1.65050
2        1.65022
3        1.64994
4        1.64967
          ...   
26995    0.03256
26996    0.03252
26997    0.03247
26998    0.03243
26999    0.03239
Length: 27000, dtype: float64","0        69.84612
1        69.83436
2        69.82259
3        69.81093
4        69.79937
           ...   
26995     1.37613
26996     1.37427
26997     1.37240
26998     1.37053
26999     1.36867
Length: 27000, dtype: float64","0        0.00000
1        0.00000
2        2.77999
3        2.78028
4        2.75559
          ...   
26995    0.44087
26996    0.44086
26997    0.44085
26998    0.44085
26999    0.44084
Length: 27000, dtype: float64","0           0.00000
1        1322.98509
2        1322.74768
3        1310.63589
4        1298.98186
            ...    
26995      72.05871
26996      72.05631
26997      72.05392
26998      72.05152
26999      72.04913
Length: 27000, dtype: float64","0        0.00000
1        0.00000
2        0.00001
3        0.00001
4        0.00001
          ...   
26995    0.01966
26996    0.01967
26997    0.01967
26998    0.01967
26999    0.01967
Length: 27000, dtype: float64","0        0.02005
1        0.02004
2        0.02004
3        0.02003
4        0.02003
          ...   
26995    0.00038
26996    0.00038
26997    0.00038
26998    0.00038
26999    0.00038
Length: 27000, dtype: float64","0             0.00000
1        601740.31661
2        588082.56187
3        575124.48957
4        562811.33522
             ...     
26995      3837.63508
26996      3837.51618
26997      3837.39729
26998      3837.27840
26999      3837.15953
Length: 27000, dtype: float64","0        0.00000
1        0.00007
2        0.00015
3        0.00022
4        0.00029
          ...   
26995    0.04173
26996    0.04173
26997    0.04173
26998    0.04173
26999    0.04173
Length: 27000, dtype: float64",particle_cracking
16,"0        0.0000
1        0.0001
2        0.0002
3        0.0003
4        0.0004
          ...  
26995    2.6995
26996    2.6996
26997    2.6997
26998    2.6998
26999    2.6999
Length: 27000, dtype: float64","0        464.02953
1        464.05841
2        457.61742
3        451.45207
4        445.54302
           ...    
26995     21.38329
26996     21.38289
26997     21.38248
26998     21.38208
26999     21.38168
Length: 27000, dtype: float64","0        5.345379e+07
1        5.345925e+07
2        5.224588e+07
3        5.109467e+07
4        5.000076e+07
             ...     
26995    3.409396e+05
26996    3.409290e+05
26997    3.409185e+05
26998    3.409079e+05
26999    3.408973e+05
Length: 27000, dtype: float64","0           0.00000
1        6597.37170
2        6533.34293
3        6471.87407
4        6412.79105
            ...    
26995    1019.89430
26996    1019.88110
26997    1019.86790
26998    1019.85471
26999    1019.84151
Length: 27000, dtype: float64","0        1.65050
1        1.65050
2        1.65022
3        1.64994
4        1.64967
          ...   
26995    0.03256
26996    0.03252
26997    0.03247
26998    0.03243
26999    0.03239
Length: 27000, dtype: float64","0        69.84612
1        69.83436
2        69.82259
3        69.81093
4        69.79937
           ...   
26995     1.37613
26996     1.37427
26997     1.37240
26998     1.37053
26999     1.36867
Length: 27000, dtype: float64","0        0.00000
1        0.00000
2        2.77999
3        2.78028
4        2.75559
          ...   
26995    0.44087
26996    0.44086
26997    0.44085
26998    0.44085
26999    0.44084
Length: 27000, dtype: float64","0           0.00000
1        1322.98509
2        1322.74768
3        1310.63589
4        1298.98186
            ...    
26995      72.05871
26996      72.05631
26997      72.05392
26998      72.05152
26999      72.04913
Length: 27000, dtype: float64","0        0.00000
1        0.00000
2        0.00001
3        0.00001
4        0.00001
          ...   
26995    0.01966
26996    0.01967
26997    0.01967
26998    0.01967
26999    0.01967
Length: 27000, dtype: float64","0        0.02005
1        0.02004
2        0.02004
3        0.02003
4        0.02003
          ...   
26995    0.00038
26996    0.00038
26997    0.00038
26998    0.00038
26999    0.00038
Length: 27000, dtype: float64","0             0.00000
1        601740.31661
2        588082.56187
3        575124.48957
4        562811.33522
             ...     
26995      3837.63508
26996      3837.51618
26997      3837.39729
26998      3837.27840
26999      3837.15953
Length: 27000, dtype: float64","0        0.00000
1        0.00007
2        0.00015
3        0.00022
4        0.00029
          ...   
26995    0.04173
26996    0.04173
26997    0.04173
26998    0.04173
26999    0.04173
Length: 27000, dtype: float64",particle_cracking
17,"0        0.0000
1        0.0001
2        0.0002
3        0.0003
4        0.0004
          ...  
26995    2.6995
26996    2.6996
26997    2.6997
26998    2.6998
26999    2.6999
Length: 27000, dtype: float64","0        394.20720
1        394.21317
2        393.35558
3        392.50377
4        391.65768
           ...    
26995     36.22045
26996     36.21956
26997     36.21867
26998     36.21778
26999     36.21689
Length: 27000, dtype: float64","0        2.469982e+07
1        2.470041e+07
2        2.461455e+07
3        2.452937e+07
4        2.444488e+07
             ...     
26995    5.431221e+05
26996    5.431008e+05
26997    5.430795e+05
26998    5.430581e+05
26999    5.430368e+05
Length: 27000, dtype: float64","0           0.00000
1        3917.58339
2        3912.03521
3        3906.52146
4        3901.04177
            ...    
26995     835.32518
26996     835.30515
26997     835.28512
26998     835.26509
26999     835.24505
Length: 27000, dtype: float64","0        2.20076
1        2.20076
2        2.20056
3        2.20037
4        2.20018
          ...   
26995    0.43574
26996    0.43570
26997    0.43566
26998    0.43562
26999    0.43558
Length: 27000, dtype: float64","0        76.26281
1        76.25612
2        76.24943
3        76.24275
4        76.23608
           ...   
26995    15.09840
26996    15.09694
26997    15.09549
26998    15.09404
26999    15.09258
Length: 27000, dtype: float64","0        0.00000
1        0.00000
2        1.93040
3        1.93045
4        1.92796
          ...   
26995    0.41972
26996    0.41971
26997    0.41970
26998    0.41969
26999    0.41968
Length: 27000, dtype: float64","0          0.00000
1        619.36342
2        619.27827
3        618.38044
4        617.48773
           ...    
26995     47.10321
26996     47.10120
26997     47.09919
26998     47.09718
26999     47.09517
Length: 27000, dtype: float64","0        0.00000
1        0.00000
2        0.00001
3        0.00001
4        0.00001
          ...   
26995    0.02327
26996    0.02327
26997    0.02327
26998    0.02327
26999    0.02327
Length: 27000, dtype: float64","0        0.02993
1        0.02993
2        0.02993
3        0.02992
4        0.02992
          ...   
26995    0.00666
26996    0.00666
26997    0.00666
26998    0.00666
26999    0.00666
Length: 27000, dtype: float64","0             0.00000
1        244120.01516
2        243271.38180
3        242429.57010
4        241594.49439
             ...     
26995      5367.80417
26996      5367.59331
26997      5367.38246
26998      5367.17163
26999      5366.96080
Length: 27000, dtype: float64","0        0.00000
1        0.00001
2        0.00003
3        0.00004
4        0.00005
          ...   
26995    0.02562
26996    0.02562
26997    0.02562
26998    0.02562
26999    0.02562
Length: 27000, dtype: float64",particle_cracking
18,"0        0.0000
1        0.0001
2        0.0002
3        0.0003
4        0.0004
          ...  
26995    2.6995
26996    2.6996
26997    2.6997
26998    2.6998
26999    2.6999
Length: 27000, dtype: float64","0        394.20720
1        394.21317
2        393.35558
3        392.50377
4        391.65768
           ...    
26995     36.22045
26996     36.21956
26997     36.21867
26998     36.21778
26999     36.21689
Length: 27000, dtype: float64","0        2.469982e+07
1        2.470041e+07
2        2.461455e+07
3        2.452937e+07
4        2.444488e+07
             ...     
26995    5.431221e+05
26996    5.431008e+05
26997    5.430795e+05
26998    5.430581e+05
26999    5.430368e+05
Length: 27000, dtype: float64","0           0.00000
1        3917.58339
2        3912.03521
3        3906.52146
4        3901.04177
            ...    
26995     835.32518
26996     835.30515
26997     835.28512
26998     835.26509
26999     835.24505
Length: 27000, dtype: float64","0        2.20076
1        2.20076
2        2.20056
3        2.20037
4        2.20018
          ...   
26995    0.43574
26996    0.43570
26997    0.43566
26998    0.43562
26999    0.43558
Length: 27000, dtype: float64","0        76.26281
1        76.25612
2        76.24943
3        76.24275
4        76.23608
           ...   
26995    15.09840
26996    15.09694
26997    15.09549
26998    15.09404
26999    15.09258
Length: 27000, dtype: float64","0        0.00000
1        0.00000
2        1.93040
3        1.93045
4        1.92796
          ...   
26995    0.41972
26996    0.41971
26997    0.41970
26998    0.41969
26999    0.41968
Length: 27000, dtype: float64","0          0.00000
1        619.36342
2        619.27827
3        618.38044
4        617.48773
           ...    
26995     47.10321
26996     47.10120
26997     47.09919
26998     47.09718
26999     47.09517
Length: 27000, dtype: float64","0        0.00000
1        0.00000
2        0.00001
3        0.00001
4        0.00001
          ...   
26995    0.02327
26996    0.02327
26997    0.02327
26998    0.02327
26999    0.02327
Length: 27000, dtype: float64","0        0.02993
1        0.02993
2        0.02993
3        0.02992
4        0.02992
          ...   
26995    0.00666
26996    0.00666
26997    0.00666
26998    0.00666
26999    0.00666
Length: 27000, dtype: float64","0             0.00000
1        244120.01516
2        243271.38180
3        242429.57010
4        241594.49439
             ...     
26995      5367.80417
26996      5367.59331
26997      5367.38246
26998      5367.17163
26999      5366.96080
Length: 27000, dtype: float64","0        0.00000
1        0.00001
2        0.00003
3        0.00004
4        0.00005
          ...   
26995    0.02562
26996    0.02562
26997    0.02562
26998    0.02562
26999    0.02562
Length: 27000, dtype: float64",particle_cracking
19,"0        0.0000
1        0.0001
2        0.0002
3        0.0003
4        0.0004
          ...  
26995    2.6995
26996    2.6996
26997    2.6997
26998    2.6998
26999    2.6999
Length: 27000, dtype: float64","0        464.02953
1        464.05841
2        457.61742
3        451.45207
4        445.54302
           ...    
26995     21.38329
26996     21.38289
26997     21.38248
26998     21.38208
26999     21.38168
Length: 27000, dtype: float64","0        5.345379e+07
1        5.345925e+07
2        5.224588e+07
3        5.109467e+07
4        5.000076e+07
             ...     
26995    3.409396e+05
26996    3.409290e+05
26997    3.409185e+05
26998    3.409079e+05
26999    3.408973e+05
Length: 27000, dtype: float64","0           0.00000
1        6597.37170
2        6533.34293
3        6471.87407
4        6412.79105
            ...    
26995    1019.89430
26996    1019.88110
26997    1019.86790
26998    1019.85471
26999    1019.84151
Length: 27000, dtype: float64","0        1.65050
1        1.65050
2        1.65022
3        1.64994
4        1.64967
          ...   
26995    0.03256
26996    0.03252
26997    0.03247
26998    0.03243
26999    0.03239
Length: 27000, dtype: float64","0        69.84612
1        69.83436
2        69.82259
3        69.81093
4        69.79937
           ...   
26995     1.37613
26996     1.37427
26997     1.37240
26998     1.37053
26999     1.36867
Length: 27000, dtype: float64","0        0.00000
1        0.00000
2        2.77999
3        2.78028
4        2.75559
          ...   
26995    0.44087
26996    0.44086
26997    0.44085
26998    0.44085
26999    0.44084
Length: 27000, dtype: float64","0           0.00000
1        1322.98509
2        1322.74768
3        1310.63589
4        1298.98186
            ...    
26995      72.05871
26996      72.05631
26997      72.05392
26998      72.05152
26999      72.04913
Length: 27000, dtype: float64","0        0.00000
1        0.00000
2        0.00001
3        0.00001
4        0.00001
          ...   
26995    0.01966
26996    0.01967
26997    0.01967
26998    0.01967
26999    0.01967
Length: 27000, dtype: float64","0        0.02005
1        0.02004
2        0.02004
3        0.02003
4        0.02003
          ...   
26995    0.00038
26996    0.00038
26997    0.00038
26998    0.00038
26999    0.00038
Length: 27000, dtype: float64","0             0.00000
1        601740.31661
2        588082.56187
3        575124.48957
4        562811.33522
             ...     
26995      3837.63508
26996      3837.51618
26997      3837.39729
26998      3837.27840
26999      3837.15953
Length: 27000, dtype: float64","0        0.00000
1        0.00007
2        0.00015
3        0.00022
4        0.00029
          ...   
26995    0.04173
26996    0.04173
26997    0.04173
26998    0.04173
26999    0.04173
Length: 27000, dtype: float64",particle_cracking
20,"0        0.0000
1        0.0001
2        0.0002
3        0.0003
4        0.0004
          ...  
26995    0.0000
26996    0.0000
26997    0.0000
26998    0.0000
26999    0.0000
Length: 27000, dtype: float64","0        129.48653
1        129.48955
2        129.37647
3        129.26370
4        129.15124
           ...    
26995      0.00000
26996      0.00000
26997      0.00000
26998      0.00000
26999      0.00000
Length: 27000, dtype: float64","0        6.568180e+06
1        6.568432e+06
2        6.559012e+06
3        6.549624e+06
4        6.540267e+06
             ...     
26995    0.000000e+00
26996    0.000000e+00
26997    0.000000e+00
26998    0.000000e+00
26999    0.000000e+00
Length: 27000, dtype: float64","0           0.00000
1        3017.86537
2        3016.03124
3        3014.20199
4        3012.37759
            ...    
26995       0.00000
26996       0.00000
26997       0.00000
26998       0.00000
26999       0.00000
Length: 27000, dtype: float64","0        1.49352
1        1.49352
2        1.49339
3        1.49326
4        1.49313
          ...   
26995    0.00000
26996    0.00000
26997    0.00000
26998    0.00000
26999    0.00000
Length: 27000, dtype: float64","0        63.20320
1        63.19770
2        63.19220
3        63.18671
4        63.18122
           ...   
26995     0.00000
26996     0.00000
26997     0.00000
26998     0.00000
26999     0.00000
Length: 27000, dtype: float64","0        0.00000
1        0.00000
2        1.29912
3        1.29917
4        1.29847
          ...   
26995    0.00000
26996    0.00000
26997    0.00000
26998    0.00000
26999    0.00000
Length: 27000, dtype: float64","0          0.00000
1        515.82358
2        515.78553
3        515.45030
4        515.11587
           ...    
26995      0.00000
26996      0.00000
26997      0.00000
26998      0.00000
26999      0.00000
Length: 27000, dtype: float64","0        0.00000
1        0.00000
2        0.00000
3        0.00000
4        0.00001
          ...   
26995    0.00000
26996    0.00000
26997    0.00000
26998    0.00000
26999    0.00000
Length: 27000, dtype: float64","0        0.01749
1        0.01749
2        0.01749
3        0.01749
4        0.01748
          ...   
26995    0.00000
26996    0.00000
26997    0.00000
26998    0.00000
26999    0.00000
Length: 27000, dtype: float64","0             0.00000
1        157863.30498
2        157636.91369
3        157411.27931
4        157186.39787
             ...     
26995         0.00000
26996         0.00000
26997         0.00000
26998         0.00000
26999         0.00000
Length: 27000, dtype: float64","0        0.00000
1        0.00001
2        0.00002
3        0.00003
4        0.00004
          ...   
26995    0.00000
26996    0.00000
26997    0.00000
26998    0.00000
26999    0.00000
Length: 27000, dtype: float64",grain_cracking
21,"0        0.0000
1        0.0001
2        0.0002
3        0.0003
4        0.0004
          ...  
26995    0.0000
26996    0.0000
26997    0.0000
26998    0.0000
26999    0.0000
Length: 27000, dtype: float64","0        129.48653
1        129.48955
2        129.37647
3        129.26370
4        129.15124
           ...    
26995      0.00000
26996      0.00000
26997      0.00000
26998      0.00000
26999      0.00000
Length: 27000, dtype: float64","0        6.568180e+06
1        6.568432e+06
2        6.559012e+06
3        6.549624e+06
4        6.540267e+06
             ...     
26995    0.000000e+00
26996    0.000000e+00
26997    0.000000e+00
26998    0.000000e+00
26999    0.000000e+00
Length: 27000, dtype: float64","0           0.00000
1        3017.86537
2        3016.03124
3        3014.20199
4        3012.37759
            ...    
26995       0.00000
26996       0.00000
26997       0.00000
26998       0.00000
26999       0.00000
Length: 27000, dtype: float64","0        1.49352
1        1.49352
2        1.49339
3        1.49326
4        1.49313
          ...   
26995    0.00000
26996    0.00000
26997    0.00000
26998    0.00000
26999    0.00000
Length: 27000, dtype: float64","0        63.20320
1        63.19770
2        63.19220
3        63.18671
4        63.18122
           ...   
26995     0.00000
26996     0.00000
26997     0.00000
26998     0.00000
26999     0.00000
Length: 27000, dtype: float64","0        0.00000
1        0.00000
2        1.29912
3        1.29917
4        1.29847
          ...   
26995    0.00000
26996    0.00000
26997    0.00000
26998    0.00000
26999    0.00000
Length: 27000, dtype: float64","0          0.00000
1        515.82358
2        515.78553
3        515.45030
4        515.11587
           ...    
26995      0.00000
26996      0.00000
26997      0.00000
26998      0.00000
26999      0.00000
Length: 27000, dtype: float64","0        0.00000
1        0.00000
2        0.00000
3        0.00000
4        0.00001
          ...   
26995    0.00000
26996    0.00000
26997    0.00000
26998    0.00000
26999    0.00000
Length: 27000, dtype: float64","0        0.01749
1        0.01749
2        0.01749
3        0.01749
4        0.01748
          ...   
26995    0.00000
26996    0.00000
26997    0.00000
26998    0.00000
26999    0.00000
Length: 27000, dtype: float64","0             0.00000
1        157863.30498
2        157636.91369
3        157411.27931
4        157186.39787
             ...     
26995         0.00000
26996         0.00000
26997         0.00000
26998         0.00000
26999         0.00000
Length: 27000, dtype: float64","0        0.00000
1        0.00001
2        0.00002
3        0.00003
4        0.00004
          ...   
26995    0.00000
26996    0.00000
26997    0.00000
26998    0.00000
26999    0.00000
Length: 27000, dtype: float64",grain_cracking
22,"0        0.0000
1        0.0001
2        0.0002
3        0.0003
4        0.0004
          ...  
26995    0.0000
26996    0.0000
26997    0.0000
26998    0.0000
26999    0.0000
Length: 27000, dtype: float64","0        129.48653
1        129.48955
2        129.37647
3        129.26370
4        129.15124
           ...    
26995      0.00000
26996      0.00000
26997      0.00000
26998      0.00000
26999      0.00000
Length: 27000, dtype: float64","0        6.568180e+06
1        6.568432e+06
2        6.559012e+06
3        6.549624e+06
4        6.540267e+06
             ...     
26995    0.000000e+00
26996    0.000000e+00
26997    0.000000e+00
26998    0.000000e+00
26999    0.000000e+00
Length: 27000, dtype: float64","0           0.00000
1        3017.86537
2        3016.03124
3        3014.20199
4        3012.37759
            ...    
26995       0.00000
26996       0.00000
26997       0.00000
26998       0.00000
26999       0.00000
Length: 27000, dtype: float64","0        1.49352
1        1.49352
2        1.49339
3        1.49326
4        1.49313
          ...   
26995    0.00000
26996    0.00000
26997    0.00000
26998    0.00000
26999    0.00000
Length: 27000, dtype: float64","0        63.20320
1        63.19770
2        63.19220
3        63.18671
4        63.18122
           ...   
26995     0.00000
26996     0.00000
26997     0.00000
26998     0.00000
26999     0.00000
Length: 27000, dtype: float64","0        0.00000
1        0.00000
2        1.29912
3        1.29917
4        1.29847
          ...   
26995    0.00000
26996    0.00000
26997    0.00000
26998    0.00000
26999    0.00000
Length: 27000, dtype: float64","0          0.00000
1        515.82358
2        515.78553
3        515.45030
4        515.11587
           ...    
26995      0.00000
26996      0.00000
26997      0.00000
26998      0.00000
26999      0.00000
Length: 27000, dtype: float64","0        0.00000
1        0.00000
2        0.00000
3        0.00000
4        0.00001
          ...   
26995    0.00000
26996    0.00000
26997    0.00000
26998    0.00000
26999    0.00000
Length: 27000, dtype: float64","0        0.01749
1        0.01749
2        0.01749
3        0.01749
4        0.01748
          ...   
26995    0.00000
26996    0.00000
26997    0.00000
26998    0.00000
26999    0.00000
Length: 27000, dtype: float64","0             0.00000
1        157863.30498
2        157636.91369
3        157411.27931
4        157186.39787
             ...     
26995         0.00000
26996         0.00000
26997         0.00000
26998         0.00000
26999         0.00000
Length: 27000, dtype: float64","0        0.00000
1        0.00001
2        0.00002
3        0.00003
4        0.00004
          ...   
26995    0.00000
26996    0.00000
26997    0.00000
26998    0.00000
26999    0.00000
Length: 27000, dtype: float64",grain_cracking
23,"0        0.0000
1        0.0001
2        0.0002
3        0.0003
4        0.0004
          ...  
26995    0.0000
26996    0.0000
26997    0.0000
26998    0.0000
26999    0.0000
Length: 27000, dtype: float64","0        129.48653
1        129.48955
2        129.37647
3        129.26370
4        129.15124
           ...    
26995      0.00000
26996      0.00000
26997      0.00000
26998      0.00000
26999      0.00000
Length: 27000, dtype: float64","0        6.568180e+06
1        6.568432e+06
2        6.559012e+06
3        6.549624e+06
4        6.540267e+06
             ...     
26995    0.000000e+00
26996    0.000000e+00
26997    0.000000e+00
26998    0.000000e+00
26999    0.000000e+00
Length: 27000, dtype: float64","0           0.00000
1        3017.86537
2        3016.03124
3        3014.20199
4        3012.37759
            ...    
26995       0.00000
26996       0.00000
26997       0.00000
26998       0.00000
26999       0.00000
Length: 27000, dtype: float64","0        1.49352
1        1.49352
2        1.49339
3        1.49326
4        1.49313
          ...   
26995    0.00000
26996    0.00000
26997    0.00000
26998    0.00000
26999    0.00000
Length: 27000, dtype: float64","0        63.20320
1        63.19770
2        63.19220
3        63.18671
4        63.18122
           ...   
26995     0.00000
26996     0.00000
26997     0.00000
26998     0.00000
26999     0.00000
Length: 27000, dtype: float64","0        0.00000
1        0.00000
2        1.29912
3        1.29917
4        1.29847
          ...   
26995    0.00000
26996    0.00000
26997    0.00000
26998    0.00000
26999    0.00000
Length: 27000, dtype: float64","0          0.00000
1        515.82358
2        515.78553
3        515.45030
4        515.11587
           ...    
26995      0.00000
26996      0.00000
26997      0.00000
26998      0.00000
26999      0.00000
Length: 27000, dtype: float64","0        0.00000
1        0.00000
2        0.00000
3        0.00000
4        0.00001
          ...   
26995    0.00000
26996    0.00000
26997    0.00000
26998    0.00000
26999    0.00000
Length: 27000, dtype: float64","0        0.01749
1        0.01749
2        0.01749
3        0.01749
4        0.01748
          ...   
26995    0.00000
26996    0.00000
26997    0.00000
26998    0.00000
26999    0.00000
Length: 27000, dtype: float64","0             0.00000
1        157863.30498
2        157636.91369
3        157411.27931
4        157186.39787
             ...     
26995         0.00000
26996         0.00000
26997         0.00000
26998         0.00000
26999         0.00000
Length: 27000, dtype: float64","0        0.00000
1        0.00001
2        0.00002
3        0.00003
4        0.00004
          ...   
26995    0.00000
26996    0.00000
26997    0.00000
26998    0.00000
26999    0.00000
Length: 27000, dtype: float64",grain_cracking
24,"0        0.0000
1        0.0001
2        0.0002
3        0.0003
4        0.0004
          ...  
26995    0.0000
26996    0.0000
26997    0.0000
26998    0.0000
26999    0.0000
Length: 27000, dtype: float64","0        129.48653
1        129.48955
2        129.37647
3        129.26370
4        129.15124
           ...    
26995      0.00000
26996      0.00000
26997      0.00000
26998      0.00000
26999      0.00000
Length: 27000, dtype: float64","0        6.568180e+06
1        6.568432e+06
2        6.559012e+06
3        6.549624e+06
4        6.540267e+06
             ...     
26995    0.000000e+00
26996    0.000000e+00
26997    0.000000e+00
26998    0.000000e+00
26999    0.000000e+00
Length: 27000, dtype: float64","0           0.00000
1        3017.86537
2        3016.03124
3        3014.20199
4        3012.37759
            ...    
26995       0.00000
26996       0.00000
26997       0.00000
26998       0.00000
26999       0.00000
Length: 27000, dtype: float64","0        1.49352
1        1.49352
2        1.49339
3        1.49326
4        1.49313
          ...   
26995    0.00000
26996    0.00000
26997    0.00000
26998    0.00000
26999    0.00000
Length: 27000, dtype: float64","0        63.20320
1        63.19770
2        63.19220
3        63.18671
4        63.18122
           ...   
26995     0.00000
26996     0.00000
26997     0.00000
26998     0.00000
26999     0.00000
Length: 27000, dtype: float64","0        0.00000
1        0.00000
2        1.29912
3        1.29917
4        1.29847
          ...   
26995    0.00000
26996    0.00000
26997    0.00000
26998    0.00000
26999    0.00000
Length: 27000, dtype: float64","0          0.00000
1        515.82358
2        515.78553
3        515.45030
4        515.11587
           ...    
26995      0.00000
26996      0.00000
26997      0.00000
26998      0.00000
26999      0.00000
Length: 27000, dtype: float64","0        0.00000
1        0.00000
2        0.00000
3        0.00000
4        0.00001
          ...   
26995    0.00000
26996    0.00000
26997    0.00000
26998    0.00000
26999    0.00000
Length: 27000, dtype: float64","0        0.01749
1        0.01749
2        0.01749
3        0.01749
4        0.01748
          ...   
26995    0.00000
26996    0.00000
26997    0.00000
26998    0.00000
26999    0.00000
Length: 27000, dtype: float64","0             0.00000
1        157863.30498
2        157636.91369
3        157411.27931
4        157186.39787
             ...     
26995         0.00000
26996         0.00000
26997         0.00000
26998         0.00000
26999         0.00000
Length: 27000, dtype: float64","0        0.00000
1        0.00001
2        0.00002
3        0.00003
4        0.00004
          ...   
26995    0.00000
26996    0.00000
26997    0.00000
26998    0.00000
26999    0.00000
Length: 27000, dtype: float64",grain_cracking
25,"0        0.0000
1        0.0001
2        0.0002
3        0.0003
4        0.0004
          ...  
26995    2.6995
26996    2.6996
26997    2.6997
26998    2.6998
26999    2.6999
Length: 27000, dtype: float64","0        59.21230
1        59.21244
2        59.21148
3        59.21051
4        59.20955
           ...   
26995    43.61620
26996    43.61584
26997    43.61548
26998    43.61513
26999    43.61477
Length: 27000, dtype: float64","0        201308.08988
1        201308.85382
2        201303.85971
3        201298.86591
4        201293.87242
             ...     
26995    126441.69140
26996    126440.11664
26997    126438.54194
26998    126436.96728
26999    126435.39267
Length: 27000, dtype: float64","0          0.00000
1        211.37227
2        211.37049
3        211.36871
4        211.36694
           ...    
26995    183.05798
26996    183.05734
26997    183.05669
26998    183.05605
26999    183.05541
Length: 27000, dtype: float64","0        1.81316
1        1.81316
2        1.81315
3        1.81314
4        1.81313
          ...   
26995    1.58714
26996    1.58713
26997    1.58712
26998    1.58712
26999    1.58711
Length: 27000, dtype: float64","0        76.76783
1        76.76745
2        76.76708
3        76.76670
4        76.76632
           ...   
26995    67.19810
26996    67.19776
26997    67.19742
26998    67.19708
26999    67.19674
Length: 27000, dtype: float64","0        0.00000
1        0.00000
2        0.08882
3        0.08882
4        0.08882
          ...   
26995    0.08001
26996    0.08001
26997    0.08001
26998    0.08001
26999    0.08001
Length: 27000, dtype: float64","0         0.00000
1        47.75985
2        47.75950
3        47.75869
4        47.75788
           ...   
26995    33.39117
26996    33.39081
26997    33.39045
26998    33.39009
26999    33.38973
Length: 27000, dtype: float64","0        0.00000
1        0.00000
2        0.00000
3        0.00000
4        0.00000
          ...   
26995    0.00334
26996    0.00334
26997    0.00334
26998    0.00334
26999    0.00334
Length: 27000, dtype: float64","0        0.02437
1        0.02437
2        0.02437
3        0.02437
4        0.02437
          ...   
26995    0.02102
26996    0.02102
26997    0.02102
26998    0.02102
26999    0.02102
Length: 27000, dtype: float64","0           0.00000
1        7541.59484
2        7541.40775
3        7541.22067
4        7541.03360
            ...    
26995    4736.86075
26996    4736.80175
26997    4736.74276
26998    4736.68377
26999    4736.62478
Length: 27000, dtype: float64","0        0.00000
1        0.00000
2        0.00000
3        0.00000
4        0.00000
          ...   
26995    0.00584
26996    0.00584
26997    0.00584
26998    0.00584
26999    0.00584
Length: 27000, dtype: float64",incomplete_combustion
26,"0        0.0000
1        0.0001
2        0.0002
3        0.0003
4        0.0004
          ...  
26995    2.6995
26996    2.6996
26997    2.6997
26998    2.6998
26999    2.6999
Length: 27000, dtype: float64","0        135.82012
1        135.82322
2        135.77285
3        135.72254
4        135.67229
           ...    
26995     34.94221
26996     34.94170
26997     34.94120
26998     34.94069
26999     34.94018
Length: 27000, dtype: float64","0        1.954018e+06
1        1.954090e+06
2        1.952922e+06
3        1.951756e+06
4        1.950591e+06
             ...     
26995    2.191126e+05
26996    2.191075e+05
26997    2.191024e+05
26998    2.190972e+05
26999    2.190921e+05
Length: 27000, dtype: float64","0          0.00000
1        711.68930
2        711.51208
3        711.33507
4        711.15827
           ...    
26995    373.31262
26996    373.31111
26997    373.30960
26998    373.30809
26999    373.30657
Length: 27000, dtype: float64","0        2.17585
1        2.17585
2        2.17581
3        2.17577
4        2.17574
          ...   
26995    1.56938
26996    1.56936
26997    1.56934
26998    1.56932
26999    1.56930
Length: 27000, dtype: float64","0        89.51310
1        89.51165
2        89.51021
3        89.50876
4        89.50731
           ...   
26995    64.56248
26996    64.56167
26997    64.56086
26998    64.56005
26999    64.55923
Length: 27000, dtype: float64","0        0.00000
1        0.00000
2        0.35216
3        0.35218
4        0.35211
          ...   
26995    0.19735
26996    0.19735
26997    0.19735
26998    0.19735
26999    0.19735
Length: 27000, dtype: float64","0          0.00000
1        475.62017
2        475.59756
3        475.46044
4        475.32346
           ...    
26995    101.78253
26996    101.77993
26997    101.77733
26998    101.77473
26999    101.77213
Length: 27000, dtype: float64","0        0.00000
1        0.00000
2        0.00000
3        0.00000
4        0.00000
          ...   
26995    0.00953
26996    0.00953
26997    0.00953
26998    0.00953
26999    0.00953
Length: 27000, dtype: float64","0        0.02920
1        0.02920
2        0.02920
3        0.02920
4        0.02920
          ...   
26995    0.01967
26996    0.01967
26997    0.01967
26998    0.01967
26999    0.01967
Length: 27000, dtype: float64","0            0.00000
1        44492.27749
2        44465.68720
3        44439.13476
4        44412.62009
            ...     
26995     4988.93071
26996     4988.81388
26997     4988.69705
26998     4988.58023
26999     4988.46342
Length: 27000, dtype: float64","0        0.00000
1        0.00000
2        0.00001
3        0.00001
4        0.00001
          ...   
26995    0.02101
26996    0.02101
26997    0.02101
26998    0.02101
26999    0.02101
Length: 27000, dtype: float64",incomplete_combustion
27,"0        0.0000
1        0.0001
2        0.0002
3        0.0003
4        0.0004
          ...  
26995    2.6995
26996    2.6996
26997    2.6997
26998    2.6998
26999    2.6999
Length: 27000, dtype: float64","0        464.02953
1        464.05665
2        458.56280
3        453.27019
4        448.16668
           ...    
26995     23.06263
26996     23.06220
26997     23.06176
26998     23.06133
26999     23.06090
Length: 27000, dtype: float64","0        4.554396e+07
1        4.554834e+07
2        4.466596e+07
3        4.382230e+07
4        4.301476e+07
             ...     
26995    3.288999e+05
26996    3.288897e+05
26997    3.288796e+05
26998    3.288695e+05
26999    3.288593e+05
Length: 27000, dtype: float64","0           0.00000
1        6151.98968
2        6097.52707
3        6044.98852
4        5994.25926
            ...    
26995     948.82978
26996     948.81765
26997     948.80553
26998     948.79341
26999     948.78129
Length: 27000, dtype: float64","0        1.65050
1        1.65050
2        1.65024
3        1.64998
4        1.64972
          ...   
26995    0.05856
26996    0.05852
26997    0.05847
26998    0.05843
26999    0.05839
Length: 27000, dtype: float64","0        69.84612
1        69.83507
2        69.82402
3        69.81305
4        69.80216
           ...   
26995     2.47636
26996     2.47452
26997     2.47268
26998     2.47084
26999     2.46900
Length: 27000, dtype: float64","0        0.00000
1        0.00000
2        2.61117
3        2.61142
4        2.59166
          ...   
26995    0.43491
26996    0.43490
26997    0.43490
26998    0.43489
26999    0.43489
Length: 27000, dtype: float64","0           0.00000
1        1242.66524
2        1242.45578
3        1232.73173
4        1223.32188
            ...    
26995      71.94388
26996      71.94151
26997      71.93914
26998      71.93678
26999      71.93441
Length: 27000, dtype: float64","0        0.00000
1        0.00000
2        0.00001
3        0.00001
4        0.00001
          ...   
26995    0.01936
26996    0.01936
26997    0.01936
26998    0.01936
26999    0.01936
Length: 27000, dtype: float64","0        0.02005
1        0.02004
2        0.02004
3        0.02004
4        0.02003
          ...   
26995    0.00068
26996    0.00068
26997    0.00068
26998    0.00068
26999    0.00068
Length: 27000, dtype: float64","0        0.000000e+00
1        1.023947e+06
2        1.004111e+06
3        9.851448e+05
4        9.669909e+05
             ...     
26995    7.393816e+03
26996    7.393588e+03
26997    7.393360e+03
26998    7.393132e+03
26999    7.392905e+03
Length: 27000, dtype: float64","0        0.00000
1        0.00006
2        0.00012
3        0.00018
4        0.00024
          ...   
26995    0.03980
26996    0.03980
26997    0.03980
26998    0.03980
26999    0.03980
Length: 27000, dtype: float64",incomplete_combustion
28,"0        0.0000
1        0.0001
2        0.0002
3        0.0003
4        0.0004
          ...  
26995    2.6995
26996    2.6996
26997    2.6997
26998    2.6998
26999    2.6999
Length: 27000, dtype: float64","0        77.99858
1        78.00389
2        77.98191
3        77.95995
4        77.93801
           ...   
26995    24.84696
26996    24.84660
26997    24.84624
26998    24.84587
26999    24.84551
Length: 27000, dtype: float64","0        1.754232e+06
1        1.754426e+06
2        1.753624e+06
3        1.752824e+06
4        1.752025e+06
             ...     
26995    2.748113e+05
26996    2.748048e+05
26997    2.747983e+05
26998    2.747918e+05
26999    2.747853e+05
Length: 27000, dtype: float64","0          0.00000
1        536.54690
2        536.46790
3        536.38899
4        536.31017
           ...    
26995    445.31789
26996    445.31742
26997    445.31694
26998    445.31646
26999    445.31598
Length: 27000, dtype: float64","0        0.81956
1        0.81956
2        0.81953
3        0.81951
4        0.81948
          ...   
26995    0.11357
26996    0.11354
26997    0.11352
26998    0.11349
26999    0.11347
Length: 27000, dtype: float64","0        89.16374
1        89.16054
2        89.15733
3        89.15412
4        89.15092
           ...   
26995    12.35293
26996    12.35007
26997    12.34721
26998    12.34436
26999    12.34150
Length: 27000, dtype: float64","0        0.00000
1        0.00000
2        0.29466
3        0.29469
4        0.29466
          ...   
26995    0.26266
26996    0.26266
26997    0.26266
26998    0.26266
26999    0.26266
Length: 27000, dtype: float64","0           0.00000
1        1029.62116
2        1029.52261
3        1029.20069
4        1028.87905
            ...    
26995     132.02462
26996     132.01980
26997     132.01499
26998     132.01017
26999     132.00536
Length: 27000, dtype: float64","0        0.00000
1        0.00000
2        0.00000
3        0.00000
4        0.00000
          ...   
26995    0.01611
26996    0.01611
26997    0.01611
26998    0.01611
26999    0.01611
Length: 27000, dtype: float64","0        0.01816
1        0.01816
2        0.01816
3        0.01815
4        0.01815
          ...   
26995    0.00205
26996    0.00205
26997    0.00205
26998    0.00205
26999    0.00205
Length: 27000, dtype: float64","0            0.00000
1        47552.23313
2        47530.52120
3        47508.83474
4        47487.17371
            ...     
26995     7448.52966
26996     7448.35331
26997     7448.17697
26998     7448.00063
26999     7447.82430
Length: 27000, dtype: float64","0        0.00000
1        0.00000
2        0.00001
3        0.00001
4        0.00001
          ...   
26995    0.02239
26996    0.02239
26997    0.02239
26998    0.02239
26999    0.02239
Length: 27000, dtype: float64",incomplete_combustion
29,"0        0.0000
1        0.0001
2        0.0002
3        0.0003
4        0.0004
          ...  
26995    2.6995
26996    2.6996
26997    2.6997
26998    2.6998
26999    2.6999
Length: 27000, dtype: float64","0        77.99858
1        78.00389
2        77.98191
3        77.95995
4        77.93801
           ...   
26995    24.84696
26996    24.84660
26997    24.84624
26998    24.84587
26999    24.84551
Length: 27000, dtype: float64","0        1.754232e+06
1        1.754426e+06
2        1.753624e+06
3        1.752824e+06
4        1.752025e+06
             ...     
26995    2.748113e+05
26996    2.748048e+05
26997    2.747983e+05
26998    2.747918e+05
26999    2.747853e+05
Length: 27000, dtype: float64","0          0.00000
1        536.54690
2        536.46790
3        536.38899
4        536.31017
           ...    
26995    445.31789
26996    445.31742
26997    445.31694
26998    445.31646
26999    445.31598
Length: 27000, dtype: float64","0        0.81956
1        0.81956
2        0.81953
3        0.81951
4        0.81948
          ...   
26995    0.11357
26996    0.11354
26997    0.11352
26998    0.11349
26999    0.11347
Length: 27000, dtype: float64","0        89.16374
1        89.16054
2        89.15733
3        89.15412
4        89.15092
           ...   
26995    12.35293
26996    12.35007
26997    12.34721
26998    12.34436
26999    12.34150
Length: 27000, dtype: float64","0        0.00000
1        0.00000
2        0.29466
3        0.29469
4        0.29466
          ...   
26995    0.26266
26996    0.26266
26997    0.26266
26998    0.26266
26999    0.26266
Length: 27000, dtype: float64","0           0.00000
1        1029.62116
2        1029.52261
3        1029.20069
4        1028.87905
            ...    
26995     132.02462
26996     132.01980
26997     132.01499
26998     132.01017
26999     132.00536
Length: 27000, dtype: float64","0        0.00000
1        0.00000
2        0.00000
3        0.00000
4        0.00000
          ...   
26995    0.01611
26996    0.01611
26997    0.01611
26998    0.01611
26999    0.01611
Length: 27000, dtype: float64","0        0.01816
1        0.01816
2        0.01816
3        0.01815
4        0.01815
          ...   
26995    0.00205
26996    0.00205
26997    0.00205
26998    0.00205
26999    0.00205
Length: 27000, dtype: float64","0            0.00000
1        47552.23313
2        47530.52120
3        47508.83474
4        47487.17371
            ...     
26995     7448.52966
26996     7448.35331
26997     7448.17697
26998     7448.00063
26999     7447.82430
Length: 27000, dtype: float64","0        0.00000
1        0.00000
2        0.00001
3        0.00001
4        0.00001
          ...   
26995    0.02239
26996    0.02239
26997    0.02239
26998    0.02239
26999    0.02239
Length: 27000, dtype: float64",incomplete_combustion
30,"0        0.0000
1        0.0001
2        0.0002
3        0.0003
4        0.0004
          ...  
26995    2.6995
26996    2.6996
26997    2.6997
26998    2.6998
26999    2.6999
Length: 27000, dtype: float64","0        420.14720
1        420.16608
2        417.67296
3        415.22611
4        412.82408
           ...    
26995     29.65328
26996     29.65277
26997     29.65226
26998     29.65176
26999     29.65125
Length: 27000, dtype: float64","0        2.944044e+07
1        2.944261e+07
2        2.915633e+07
3        2.887643e+07
4        2.860268e+07
             ...     
26995    3.790383e+05
26996    3.790277e+05
26997    3.790171e+05
26998    3.790065e+05
26999    3.789959e+05
Length: 27000, dtype: float64","0           0.00000
1        4488.55114
2        4469.94893
3        4451.67016
4        4433.70513
            ...    
26995     952.04801
26996     952.03926
26997     952.03051
26998     952.02177
26999     952.01302
Length: 27000, dtype: float64","0        2.89345
1        2.89345
2        2.89326
3        2.89307
4        2.89288
          ...   
26995    1.44946
26996    1.44942
26997    1.44938
26998    1.44934
26999    1.44930
Length: 27000, dtype: float64","0        83.63559
1        83.63010
2        83.62461
3        83.61914
4        83.61368
           ...   
26995    41.89576
26996    41.89456
26997    41.89337
26998    41.89217
26999    41.89098
Length: 27000, dtype: float64","0        0.00000
1        0.00000
2        1.89985
3        1.89999
4        1.89283
          ...   
26995    0.41331
26996    0.41331
26997    0.41331
26998    0.41330
26999    0.41330
Length: 27000, dtype: float64","0           0.00000
1        1088.67690
2        1088.53374
3        1084.21085
4        1079.95832
            ...    
26995      84.21757
26996      84.21505
26997      84.21252
26998      84.21000
26999      84.20748
Length: 27000, dtype: float64","0        0.00000
1        0.00000
2        0.00000
3        0.00001
4        0.00001
          ...   
26995    0.01635
26996    0.01635
26997    0.01635
26998    0.01635
26999    0.01635
Length: 27000, dtype: float64","0        0.03165
1        0.03165
2        0.03165
3        0.03164
4        0.03164
          ...   
26995    0.01530
26996    0.01530
26997    0.01530
26998    0.01530
26999    0.01530
Length: 27000, dtype: float64","0             0.00000
1        304071.18855
2        301114.59774
3        298223.86097
4        295396.70554
             ...     
26995      3914.55178
26996      3914.44228
26997      3914.33280
26998      3914.22332
26999      3914.11384
Length: 27000, dtype: float64","0        0.00000
1        0.00003
2        0.00007
3        0.00010
4        0.00014
          ...   
26995    0.03605
26996    0.03605
26997    0.03605
26998    0.03605
26999    0.03605
Length: 27000, dtype: float64",grain_deformation
31,"0        0.0000
1        0.0001
2        0.0002
3        0.0003
4        0.0004
          ...  
26995    0.0000
26996    0.0000
26997    0.0000
26998    0.0000
26999    0.0000
Length: 27000, dtype: float64","0        104.30536
1        104.31478
2        104.26663
3        104.21856
4        104.17056
           ...    
26995      0.00000
26996      0.00000
26997      0.00000
26998      0.00000
26999      0.00000
Length: 27000, dtype: float64","0        3.289564e+06
1        3.290046e+06
2        3.287585e+06
3        3.285129e+06
4        3.282678e+06
             ...     
26995    0.000000e+00
26996    0.000000e+00
26997    0.000000e+00
26998    0.000000e+00
26999    0.000000e+00
Length: 27000, dtype: float64","0          0.00000
1        677.95234
2        677.78656
3        677.62106
4        677.45586
           ...    
26995      0.00000
26996      0.00000
26997      0.00000
26998      0.00000
26999      0.00000
Length: 27000, dtype: float64","0        0.68376
1        0.68376
2        0.68373
3        0.68369
4        0.68365
          ...   
26995    0.00000
26996    0.00000
26997    0.00000
26998    0.00000
26999    0.00000
Length: 27000, dtype: float64","0        87.28520
1        87.28061
2        87.27603
3        87.27145
4        87.26687
           ...   
26995     0.00000
26996     0.00000
26997     0.00000
26998     0.00000
26999     0.00000
Length: 27000, dtype: float64","0        0.00000
1        0.00000
2        0.35892
3        0.35897
4        0.35890
          ...   
26995    0.00000
26996    0.00000
26997    0.00000
26998    0.00000
26999    0.00000
Length: 27000, dtype: float64","0           0.00000
1        1277.84965
2        1277.70044
3        1277.11383
4        1276.52800
            ...    
26995       0.00000
26996       0.00000
26997       0.00000
26998       0.00000
26999       0.00000
Length: 27000, dtype: float64","0        0.0
1        0.0
2        0.0
3        0.0
4        0.0
        ... 
26995    0.0
26996    0.0
26997    0.0
26998    0.0
26999    0.0
Length: 27000, dtype: float64","0        0.01608
1        0.01608
2        0.01608
3        0.01607
4        0.01607
          ...   
26995    0.00000
26996    0.00000
26997    0.00000
26998    0.00000
26999    0.00000
Length: 27000, dtype: float64","0             0.00000
1        106369.44705
2        106289.89211
3        106210.48742
4        106131.23252
             ...     
26995         0.00000
26996         0.00000
26997         0.00000
26998         0.00000
26999         0.00000
Length: 27000, dtype: float64","0        0.00000
1        0.00000
2        0.00001
3        0.00001
4        0.00002
          ...   
26995    0.00000
26996    0.00000
26997    0.00000
26998    0.00000
26999    0.00000
Length: 27000, dtype: float64",grain_deformation
32,"0        0.0000
1        0.0001
2        0.0002
3        0.0003
4        0.0004
          ...  
26995    2.6995
26996    2.6996
26997    2.6997
26998    2.6998
26999    2.6999
Length: 27000, dtype: float64","0        85.89271
1        85.89436
2        85.88264
3        85.87093
4        85.85922
           ...   
26995    33.73764
26996    33.73719
26997    33.73674
26998    33.73629
26999    33.73584
Length: 27000, dtype: float64","0        1.091624e+06
1        1.091658e+06
2        1.091418e+06
3        1.091178e+06
4        1.090938e+06
             ...     
26995    2.420982e+05
26996    2.420930e+05
26997    2.420878e+05
26998    2.420826e+05
26999    2.420774e+05
Length: 27000, dtype: float64","0          0.00000
1        530.60610
2        530.56430
3        530.52253
4        530.48078
           ...    
26995    363.41897
26996    363.41785
26997    363.41673
26998    363.41560
26999    363.41448
Length: 27000, dtype: float64","0        1.89358
1        1.89358
2        1.89356
3        1.89353
4        1.89350
          ...   
26995    1.31530
26996    1.31528
26997    1.31526
26998    1.31524
26999    1.31522
Length: 27000, dtype: float64","0        88.13538
1        88.13412
2        88.13286
3        88.13161
4        88.13035
           ...   
26995    61.21854
26996    61.21762
26997    61.21670
26998    61.21578
26999    61.21486
Length: 27000, dtype: float64","0        0.00000
1        0.00000
2        0.26989
3        0.26990
4        0.26988
          ...   
26995    0.19766
26996    0.19766
26997    0.19766
26998    0.19766
26999    0.19765
Length: 27000, dtype: float64","0          0.00000
1        371.19944
2        371.18573
3        371.13670
4        371.08769
           ...    
26995    104.13440
26996    104.13176
26997    104.12912
26998    104.12647
26999    104.12383
Length: 27000, dtype: float64","0        0.00000
1        0.00000
2        0.00000
3        0.00000
4        0.00000
          ...   
26995    0.00946
26996    0.00946
26997    0.00946
26998    0.00946
26999    0.00946
Length: 27000, dtype: float64","0        0.02662
1        0.02662
2        0.02662
3        0.02662
4        0.02662
          ...   
26995    0.01716
26996    0.01716
26997    0.01716
26998    0.01716
26999    0.01716
Length: 27000, dtype: float64","0            0.00000
1        38131.08998
2        38122.70573
3        38114.32602
4        38105.95086
            ...     
26995     8456.37434
26996     8456.19246
26997     8456.01059
26998     8455.82873
26999     8455.64688
Length: 27000, dtype: float64","0        0.00000
1        0.00000
2        0.00000
3        0.00000
4        0.00001
          ...   
26995    0.01709
26996    0.01709
26997    0.01709
26998    0.01709
26999    0.01709
Length: 27000, dtype: float64",grain_deformation
33,"0        0.0000
1        0.0001
2        0.0002
3        0.0003
4        0.0004
          ...  
26995    2.6995
26996    2.6996
26997    2.6997
26998    2.6998
26999    2.6999
Length: 27000, dtype: float64","0        85.89271
1        85.89436
2        85.88264
3        85.87093
4        85.85922
           ...   
26995    33.73764
26996    33.73719
26997    33.73674
26998    33.73629
26999    33.73584
Length: 27000, dtype: float64","0        1.091624e+06
1        1.091658e+06
2        1.091418e+06
3        1.091178e+06
4        1.090938e+06
             ...     
26995    2.420982e+05
26996    2.420930e+05
26997    2.420878e+05
26998    2.420826e+05
26999    2.420774e+05
Length: 27000, dtype: float64","0          0.00000
1        530.60610
2        530.56430
3        530.52253
4        530.48078
           ...    
26995    363.41897
26996    363.41785
26997    363.41673
26998    363.41560
26999    363.41448
Length: 27000, dtype: float64","0        1.89358
1        1.89358
2        1.89356
3        1.89353
4        1.89350
          ...   
26995    1.31530
26996    1.31528
26997    1.31526
26998    1.31524
26999    1.31522
Length: 27000, dtype: float64","0        88.13538
1        88.13412
2        88.13286
3        88.13161
4        88.13035
           ...   
26995    61.21854
26996    61.21762
26997    61.21670
26998    61.21578
26999    61.21486
Length: 27000, dtype: float64","0        0.00000
1        0.00000
2        0.26989
3        0.26990
4        0.26988
          ...   
26995    0.19766
26996    0.19766
26997    0.19766
26998    0.19766
26999    0.19765
Length: 27000, dtype: float64","0          0.00000
1        371.19944
2        371.18573
3        371.13670
4        371.08769
           ...    
26995    104.13440
26996    104.13176
26997    104.12912
26998    104.12647
26999    104.12383
Length: 27000, dtype: float64","0        0.00000
1        0.00000
2        0.00000
3        0.00000
4        0.00000
          ...   
26995    0.00946
26996    0.00946
26997    0.00946
26998    0.00946
26999    0.00946
Length: 27000, dtype: float64","0        0.02662
1        0.02662
2        0.02662
3        0.02662
4        0.02662
          ...   
26995    0.01716
26996    0.01716
26997    0.01716
26998    0.01716
26999    0.01716
Length: 27000, dtype: float64","0            0.00000
1        38131.08998
2        38122.70573
3        38114.32602
4        38105.95086
            ...     
26995     8456.37434
26996     8456.19246
26997     8456.01059
26998     8455.82873
26999     8455.64688
Length: 27000, dtype: float64","0        0.00000
1        0.00000
2        0.00000
3        0.00000
4        0.00001
          ...   
26995    0.01709
26996    0.01709
26997    0.01709
26998    0.01709
26999    0.01709
Length: 27000, dtype: float64",grain_deformation
34,"0        0.0000
1        0.0001
2        0.0002
3        0.0003
4        0.0004
          ...  
26995    2.6995
26996    2.6996
26997    2.6997
26998    2.6998
26999    2.6999
Length: 27000, dtype: float64","0        184.51923
1        184.52130
2        184.25366
3        183.98722
4        183.72198
           ...    
26995     21.70626
26996     21.70580
26997     21.70535
26998     21.70490
26999     21.70444
Length: 27000, dtype: float64","0        7.337207e+06
1        7.337338e+06
2        7.320328e+06
3        7.303409e+06
4        7.286581e+06
             ...     
26995    2.395132e+05
26996    2.395052e+05
26997    2.394972e+05
26998    2.394892e+05
26999    2.394812e+05
Length: 27000, dtype: float64","0           0.00000
1        2065.82254
2        2063.85168
3        2061.88904
4        2059.93457
            ...    
26995     545.24598
26996     545.23676
26997     545.22754
26998     545.21833
26999     545.20911
Length: 27000, dtype: float64","0        1.34592
1        1.34592
2        1.34582
3        1.34571
4        1.34561
          ...   
26995    0.24614
26996    0.24611
26997    0.24609
26998    0.24606
26999    0.24603
Length: 27000, dtype: float64","0        66.27162
1        66.26645
2        66.26129
3        66.25612
4        66.25097
           ...   
26995    12.11833
26996    12.11693
26997    12.11552
26998    12.11412
26999    12.11272
Length: 27000, dtype: float64","0        0.00000
1        0.00000
2        1.04926
3        1.04928
4        1.04838
          ...   
26995    0.28504
26996    0.28503
26997    0.28503
26998    0.28502
26999    0.28502
Length: 27000, dtype: float64","0          0.00000
1        358.49035
2        358.46010
3        358.11597
4        357.77315
           ...    
26995     43.32806
26996     43.32662
26997     43.32518
26998     43.32374
26999     43.32230
Length: 27000, dtype: float64","0        0.00000
1        0.00000
2        0.00000
3        0.00000
4        0.00001
          ...   
26995    0.01660
26996    0.01660
26997    0.01660
26998    0.01660
26999    0.01660
Length: 27000, dtype: float64","0        0.02053
1        0.02053
2        0.02052
3        0.02052
4        0.02052
          ...   
26995    0.00393
26996    0.00393
26997    0.00393
26998    0.00393
26999    0.00393
Length: 27000, dtype: float64","0             0.00000
1        104364.44293
2        104122.49467
3        103881.84549
4        103642.48449
             ...     
26995      3406.77588
26996      3406.66207
26997      3406.54826
26998      3406.43446
26999      3406.32066
Length: 27000, dtype: float64","0        0.00000
1        0.00001
2        0.00002
3        0.00004
4        0.00005
          ...   
26995    0.03046
26996    0.03046
26997    0.03046
26998    0.03046
26999    0.03046
Length: 27000, dtype: float64",grain_deformation
35,"0        0.0000
1        0.0001
2        0.0002
3        0.0003
4        0.0004
          ...  
26995    2.6995
26996    2.6996
26997    2.6997
26998    2.6998
26999    2.6999
Length: 27000, dtype: float64","0        464.02953
1        464.05841
2        457.61742
3        451.45207
4        445.54302
           ...    
26995     21.38329
26996     21.38289
26997     21.38248
26998     21.38208
26999     21.38168
Length: 27000, dtype: float64","0        5.345379e+07
1        5.345925e+07
2        5.224588e+07
3        5.109467e+07
4        5.000076e+07
             ...     
26995    3.409396e+05
26996    3.409290e+05
26997    3.409185e+05
26998    3.409079e+05
26999    3.408973e+05
Length: 27000, dtype: float64","0           0.00000
1        6597.37170
2        6533.34293
3        6471.87407
4        6412.79105
            ...    
26995    1019.89430
26996    1019.88110
26997    1019.86790
26998    1019.85471
26999    1019.84151
Length: 27000, dtype: float64","0        1.65050
1        1.65050
2        1.65022
3        1.64994
4        1.64967
          ...   
26995    0.03256
26996    0.03252
26997    0.03247
26998    0.03243
26999    0.03239
Length: 27000, dtype: float64","0        69.84612
1        69.83436
2        69.82259
3        69.81093
4        69.79937
           ...   
26995     1.37613
26996     1.37427
26997     1.37240
26998     1.37053
26999     1.36867
Length: 27000, dtype: float64","0        0.00000
1        0.00000
2        2.77999
3        2.78028
4        2.75559
          ...   
26995    0.44087
26996    0.44086
26997    0.44085
26998    0.44085
26999    0.44084
Length: 27000, dtype: float64","0           0.00000
1        1322.98509
2        1322.74768
3        1310.63589
4        1298.98186
            ...    
26995      72.05871
26996      72.05631
26997      72.05392
26998      72.05152
26999      72.04913
Length: 27000, dtype: float64","0        0.00000
1        0.00000
2        0.00001
3        0.00001
4        0.00001
          ...   
26995    0.01966
26996    0.01967
26997    0.01967
26998    0.01967
26999    0.01967
Length: 27000, dtype: float64","0        0.02005
1        0.02004
2        0.02004
3        0.02003
4        0.02003
          ...   
26995    0.00038
26996    0.00038
26997    0.00038
26998    0.00038
26999    0.00038
Length: 27000, dtype: float64","0             0.00000
1        601740.31661
2        588082.56187
3        575124.48957
4        562811.33522
             ...     
26995      3837.63508
26996      3837.51618
26997      3837.39729
26998      3837.27840
26999      3837.15953
Length: 27000, dtype: float64","0        0.00000
1        0.00007
2        0.00015
3        0.00022
4        0.00029
          ...   
26995    0.04173
26996    0.04173
26997    0.04173
26998    0.04173
26999    0.04173
Length: 27000, dtype: float64",normal
36,"0        0.0000
1        0.0001
2        0.0002
3        0.0003
4        0.0004
          ...  
26995    2.6995
26996    2.6996
26997    2.6997
26998    2.6998
26999    2.6999
Length: 27000, dtype: float64","0        464.02953
1        464.05841
2        457.61742
3        451.45207
4        445.54302
           ...    
26995     21.38329
26996     21.38289
26997     21.38248
26998     21.38208
26999     21.38168
Length: 27000, dtype: float64","0        5.345379e+07
1        5.345925e+07
2        5.224588e+07
3        5.109467e+07
4        5.000076e+07
             ...     
26995    3.409396e+05
26996    3.409290e+05
26997    3.409185e+05
26998    3.409079e+05
26999    3.408973e+05
Length: 27000, dtype: float64","0           0.00000
1        6597.37170
2        6533.34293
3        6471.87407
4        6412.79105
            ...    
26995    1019.89430
26996    1019.88110
26997    1019.86790
26998    1019.85471
26999    1019.84151
Length: 27000, dtype: float64","0        1.65050
1        1.65050
2        1.65022
3        1.64994
4        1.64967
          ...   
26995    0.03256
26996    0.03252
26997    0.03247
26998    0.03243
26999    0.03239
Length: 27000, dtype: float64","0        69.84612
1        69.83436
2        69.82259
3        69.81093
4        69.79937
           ...   
26995     1.37613
26996     1.37427
26997     1.37240
26998     1.37053
26999     1.36867
Length: 27000, dtype: float64","0        0.00000
1        0.00000
2        2.77999
3        2.78028
4        2.75559
          ...   
26995    0.44087
26996    0.44086
26997    0.44085
26998    0.44085
26999    0.44084
Length: 27000, dtype: float64","0           0.00000
1        1322.98509
2        1322.74768
3        1310.63589
4        1298.98186
            ...    
26995      72.05871
26996      72.05631
26997      72.05392
26998      72.05152
26999      72.04913
Length: 27000, dtype: float64","0        0.00000
1        0.00000
2        0.00001
3        0.00001
4        0.00001
          ...   
26995    0.01966
26996    0.01967
26997    0.01967
26998    0.01967
26999    0.01967
Length: 27000, dtype: float64","0        0.02005
1        0.02004
2        0.02004
3        0.02003
4        0.02003
          ...   
26995    0.00038
26996    0.00038
26997    0.00038
26998    0.00038
26999    0.00038
Length: 27000, dtype: float64","0             0.00000
1        601740.31661
2        588082.56187
3        575124.48957
4        562811.33522
             ...     
26995      3837.63508
26996      3837.51618
26997      3837.39729
26998      3837.27840
26999      3837.15953
Length: 27000, dtype: float64","0        0.00000
1        0.00007
2        0.00015
3        0.00022
4        0.00029
          ...   
26995    0.04173
26996    0.04173
26997    0.04173
26998    0.04173
26999    0.04173
Length: 27000, dtype: float64",normal
37,"0        0.0000
1        0.0001
2        0.0002
3        0.0003
4        0.0004
          ...  
26995    2.6995
26996    2.6996
26997    2.6997
26998    2.6998
26999    2.6999
Length: 27000, dtype: float64","0        464.02953
1        464.05841
2        457.61742
3        451.45207
4        445.54302
           ...    
26995     21.38329
26996     21.38289
26997     21.38248
26998     21.38208
26999     21.38168
Length: 27000, dtype: float64","0        5.345379e+07
1        5.345925e+07
2        5.224588e+07
3        5.109467e+07
4        5.000076e+07
             ...     
26995    3.409396e+05
26996    3.409290e+05
26997    3.409185e+05
26998    3.409079e+05
26999    3.408973e+05
Length: 27000, dtype: float64","0           0.00000
1        6597.37170
2        6533.34293
3        6471.87407
4        6412.79105
            ...    
26995    1019.89430
26996    1019.88110
26997    1019.86790
26998    1019.85471
26999    1019.84151
Length: 27000, dtype: float64","0        1.65050
1        1.65050
2        1.65022
3        1.64994
4        1.64967
          ...   
26995    0.03256
26996    0.03252
26997    0.03247
26998    0.03243
26999    0.03239
Length: 27000, dtype: float64","0        69.84612
1        69.83436
2        69.82259
3        69.81093
4        69.79937
           ...   
26995     1.37613
26996     1.37427
26997     1.37240
26998     1.37053
26999     1.36867
Length: 27000, dtype: float64","0        0.00000
1        0.00000
2        2.77999
3        2.78028
4        2.75559
          ...   
26995    0.44087
26996    0.44086
26997    0.44085
26998    0.44085
26999    0.44084
Length: 27000, dtype: float64","0           0.00000
1        1322.98509
2        1322.74768
3        1310.63589
4        1298.98186
            ...    
26995      72.05871
26996      72.05631
26997      72.05392
26998      72.05152
26999      72.04913
Length: 27000, dtype: float64","0        0.00000
1        0.00000
2        0.00001
3        0.00001
4        0.00001
          ...   
26995    0.01966
26996    0.01967
26997    0.01967
26998    0.01967
26999    0.01967
Length: 27000, dtype: float64","0        0.02005
1        0.02004
2        0.02004
3        0.02003
4        0.02003
          ...   
26995    0.00038
26996    0.00038
26997    0.00038
26998    0.00038
26999    0.00038
Length: 27000, dtype: float64","0             0.00000
1        601740.31661
2        588082.56187
3        575124.48957
4        562811.33522
             ...     
26995      3837.63508
26996      3837.51618
26997      3837.39729
26998      3837.27840
26999      3837.15953
Length: 27000, dtype: float64","0        0.00000
1        0.00007
2        0.00015
3        0.00022
4        0.00029
          ...   
26995    0.04173
26996    0.04173
26997    0.04173
26998    0.04173
26999    0.04173
Length: 27000, dtype: float64",normal
38,"0        0.0000
1        0.0001
2        0.0002
3        0.0003
4        0.0004
          ...  
26995    2.6995
26996    2.6996
26997    2.6997
26998    2.6998
26999    2.6999
Length: 27000, dtype: float64","0        464.02953
1        464.05841
2        457.61742
3        451.45207
4        445.54302
           ...    
26995     21.38329
26996     21.38289
26997     21.38248
26998     21.38208
26999     21.38168
Length: 27000, dtype: float64","0        5.345379e+07
1        5.345925e+07
2        5.224588e+07
3        5.109467e+07
4        5.000076e+07
             ...     
26995    3.409396e+05
26996    3.409290e+05
26997    3.409185e+05
26998    3.409079e+05
26999    3.408973e+05
Length: 27000, dtype: float64","0           0.00000
1        6597.37170
2        6533.34293
3        6471.87407
4        6412.79105
            ...    
26995    1019.89430
26996    1019.88110
26997    1019.86790
26998    1019.85471
26999    1019.84151
Length: 27000, dtype: float64","0        1.65050
1        1.65050
2        1.65022
3        1.64994
4        1.64967
          ...   
26995    0.03256
26996    0.03252
26997    0.03247
26998    0.03243
26999    0.03239
Length: 27000, dtype: float64","0        69.84612
1        69.83436
2        69.82259
3        69.81093
4        69.79937
           ...   
26995     1.37613
26996     1.37427
26997     1.37240
26998     1.37053
26999     1.36867
Length: 27000, dtype: float64","0        0.00000
1        0.00000
2        2.77999
3        2.78028
4        2.75559
          ...   
26995    0.44087
26996    0.44086
26997    0.44085
26998    0.44085
26999    0.44084
Length: 27000, dtype: float64","0           0.00000
1        1322.98509
2        1322.74768
3        1310.63589
4        1298.98186
            ...    
26995      72.05871
26996      72.05631
26997      72.05392
26998      72.05152
26999      72.04913
Length: 27000, dtype: float64","0        0.00000
1        0.00000
2        0.00001
3        0.00001
4        0.00001
          ...   
26995    0.01966
26996    0.01967
26997    0.01967
26998    0.01967
26999    0.01967
Length: 27000, dtype: float64","0        0.02005
1        0.02004
2        0.02004
3        0.02003
4        0.02003
          ...   
26995    0.00038
26996    0.00038
26997    0.00038
26998    0.00038
26999    0.00038
Length: 27000, dtype: float64","0             0.00000
1        601740.31661
2        588082.56187
3        575124.48957
4        562811.33522
             ...     
26995      3837.63508
26996      3837.51618
26997      3837.39729
26998      3837.27840
26999      3837.15953
Length: 27000, dtype: float64","0        0.00000
1        0.00007
2        0.00015
3        0.00022
4        0.00029
          ...   
26995    0.04173
26996    0.04173
26997    0.04173
26998    0.04173
26999    0.04173
Length: 27000, dtype: float64",normal
39,"0        0.0000
1        0.0001
2        0.0002
3        0.0003
4        0.0004
          ...  
26995    2.6995
26996    2.6996
26997    2.6997
26998    2.6998
26999    2.6999
Length: 27000, dtype: float64","0        464.02953
1        464.05841
2        457.61742
3        451.45207
4        445.54302
           ...    
26995     21.38329
26996     21.38289
26997     21.38248
26998     21.38208
26999     21.38168
Length: 27000, dtype: float64","0        5.345379e+07
1        5.345925e+07
2        5.224588e+07
3        5.109467e+07
4        5.000076e+07
             ...     
26995    3.409396e+05
26996    3.409290e+05
26997    3.409185e+05
26998    3.409079e+05
26999    3.408973e+05
Length: 27000, dtype: float64","0           0.00000
1        6597.37170
2        6533.34293
3        6471.87407
4        6412.79105
            ...    
26995    1019.89430
26996    1019.88110
26997    1019.86790
26998    1019.85471
26999    1019.84151
Length: 27000, dtype: float64","0        1.65050
1        1.65050
2        1.65022
3        1.64994
4        1.64967
          ...   
26995    0.03256
26996    0.03252
26997    0.03247
26998    0.03243
26999    0.03239
Length: 27000, dtype: float64","0        69.84612
1        69.83436
2        69.82259
3        69.81093
4        69.79937
           ...   
26995     1.37613
26996     1.37427
26997     1.37240
26998     1.37053
26999     1.36867
Length: 27000, dtype: float64","0        0.00000
1        0.00000
2        2.77999
3        2.78028
4        2.75559
          ...   
26995    0.44087
26996    0.44086
26997    0.44085
26998    0.44085
26999    0.44084
Length: 27000, dtype: float64","0           0.00000
1        1322.98509
2        1322.74768
3        1310.63589
4        1298.98186
            ...    
26995      72.05871
26996      72.05631
26997      72.05392
26998      72.05152
26999      72.04913
Length: 27000, dtype: float64","0        0.00000
1        0.00000
2        0.00001
3        0.00001
4        0.00001
          ...   
26995    0.01966
26996    0.01967
26997    0.01967
26998    0.01967
26999    0.01967
Length: 27000, dtype: float64","0        0.02005
1        0.02004
2        0.02004
3        0.02003
4        0.02003
          ...   
26995    0.00038
26996    0.00038
26997    0.00038
26998    0.00038
26999    0.00038
Length: 27000, dtype: float64","0             0.00000
1        601740.31661
2        588082.56187
3        575124.48957
4        562811.33522
             ...     
26995      3837.63508
26996      3837.51618
26997      3837.39729
26998      3837.27840
26999      3837.15953
Length: 27000, dtype: float64","0        0.00000
1        0.00007
2        0.00015
3        0.00022
4        0.00029
          ...   
26995    0.04173
26996    0.04173
26997    0.04173
26998    0.04173
26999    0.04173
Length: 27000, dtype: float64",normal
40,"0        0.0000
1        0.0001
2        0.0002
3        0.0003
4        0.0004
          ...  
26995    2.6995
26996    2.6996
26997    2.6997
26998    2.6998
26999    2.6999
Length: 27000, dtype: float64","0        394.20720
1        394.21317
2        393.35558
3        392.50377
4        391.65768
           ...    
26995     36.22045
26996     36.21956
26997     36.21867
26998     36.21778
26999     36.21689
Length: 27000, dtype: float64","0        2.469982e+07
1        2.470041e+07
2        2.461455e+07
3        2.452937e+07
4        2.444488e+07
             ...     
26995    5.431221e+05
26996    5.431008e+05
26997    5.430795e+05
26998    5.430581e+05
26999    5.430368e+05
Length: 27000, dtype: float64","0           0.00000
1        3917.58339
2        3912.03521
3        3906.52146
4        3901.04177
            ...    
26995     835.32518
26996     835.30515
26997     835.28512
26998     835.26509
26999     835.24505
Length: 27000, dtype: float64","0        2.20076
1        2.20076
2        2.20056
3        2.20037
4        2.20018
          ...   
26995    0.43574
26996    0.43570
26997    0.43566
26998    0.43562
26999    0.43558
Length: 27000, dtype: float64","0        76.26281
1        76.25612
2        76.24943
3        76.24275
4        76.23608
           ...   
26995    15.09840
26996    15.09694
26997    15.09549
26998    15.09404
26999    15.09258
Length: 27000, dtype: float64","0        0.00000
1        0.00000
2        1.93040
3        1.93045
4        1.92796
          ...   
26995    0.41972
26996    0.41971
26997    0.41970
26998    0.41969
26999    0.41968
Length: 27000, dtype: float64","0          0.00000
1        619.36342
2        619.27827
3        618.38044
4        617.48773
           ...    
26995     47.10321
26996     47.10120
26997     47.09919
26998     47.09718
26999     47.09517
Length: 27000, dtype: float64","0        0.00000
1        0.00000
2        0.00001
3        0.00001
4        0.00001
          ...   
26995    0.02327
26996    0.02327
26997    0.02327
26998    0.02327
26999    0.02327
Length: 27000, dtype: float64","0        0.02993
1        0.02993
2        0.02993
3        0.02992
4        0.02992
          ...   
26995    0.00666
26996    0.00666
26997    0.00666
26998    0.00666
26999    0.00666
Length: 27000, dtype: float64","0             0.00000
1        244120.01516
2        243271.38180
3        242429.57010
4        241594.49439
             ...     
26995      5367.80417
26996      5367.59331
26997      5367.38246
26998      5367.17163
26999      5366.96080
Length: 27000, dtype: float64","0        0.00000
1        0.00001
2        0.00003
3        0.00004
4        0.00005
          ...   
26995    0.02562
26996    0.02562
26997    0.02562
26998    0.02562
26999    0.02562
Length: 27000, dtype: float64",grain_blowout
41,"0        0.0000
1        0.0001
2        0.0002
3        0.0003
4        0.0004
          ...  
26995    2.6995
26996    2.6996
26997    2.6997
26998    2.6998
26999    2.6999
Length: 27000, dtype: float64","0        464.02953
1        464.05841
2        457.61742
3        451.45207
4        445.54302
           ...    
26995     21.38329
26996     21.38289
26997     21.38248
26998     21.38208
26999     21.38168
Length: 27000, dtype: float64","0        5.345379e+07
1        5.345925e+07
2        5.224588e+07
3        5.109467e+07
4        5.000076e+07
             ...     
26995    3.409396e+05
26996    3.409290e+05
26997    3.409185e+05
26998    3.409079e+05
26999    3.408973e+05
Length: 27000, dtype: float64","0           0.00000
1        6597.37170
2        6533.34293
3        6471.87407
4        6412.79105
            ...    
26995    1019.89430
26996    1019.88110
26997    1019.86790
26998    1019.85471
26999    1019.84151
Length: 27000, dtype: float64","0        1.65050
1        1.65050
2        1.65022
3        1.64994
4        1.64967
          ...   
26995    0.03256
26996    0.03252
26997    0.03247
26998    0.03243
26999    0.03239
Length: 27000, dtype: float64","0        69.84612
1        69.83436
2        69.82259
3        69.81093
4        69.79937
           ...   
26995     1.37613
26996     1.37427
26997     1.37240
26998     1.37053
26999     1.36867
Length: 27000, dtype: float64","0        0.00000
1        0.00000
2        2.77999
3        2.78028
4        2.75559
          ...   
26995    0.44087
26996    0.44086
26997    0.44085
26998    0.44085
26999    0.44084
Length: 27000, dtype: float64","0           0.00000
1        1322.98509
2        1322.74768
3        1310.63589
4        1298.98186
            ...    
26995      72.05871
26996      72.05631
26997      72.05392
26998      72.05152
26999      72.04913
Length: 27000, dtype: float64","0        0.00000
1        0.00000
2        0.00001
3        0.00001
4        0.00001
          ...   
26995    0.01966
26996    0.01967
26997    0.01967
26998    0.01967
26999    0.01967
Length: 27000, dtype: float64","0        0.02005
1        0.02004
2        0.02004
3        0.02003
4        0.02003
          ...   
26995    0.00038
26996    0.00038
26997    0.00038
26998    0.00038
26999    0.00038
Length: 27000, dtype: float64","0             0.00000
1        601740.31661
2        588082.56187
3        575124.48957
4        562811.33522
             ...     
26995      3837.63508
26996      3837.51618
26997      3837.39729
26998      3837.27840
26999      3837.15953
Length: 27000, dtype: float64","0        0.00000
1        0.00007
2        0.00015
3        0.00022
4        0.00029
          ...   
26995    0.04173
26996    0.04173
26997    0.04173
26998    0.04173
26999    0.04173
Length: 27000, dtype: float64",grain_blowout
42,"0        0.0000
1        0.0001
2        0.0002
3        0.0003
4        0.0004
          ...  
26995    2.6995
26996    2.6996
26997    2.6997
26998    2.6998
26999    2.6999
Length: 27000, dtype: float64","0        464.02953
1        464.05841
2        457.61742
3        451.45207
4        445.54302
           ...    
26995     21.38329
26996     21.38289
26997     21.38248
26998     21.38208
26999     21.38168
Length: 27000, dtype: float64","0        5.345379e+07
1        5.345925e+07
2        5.224588e+07
3        5.109467e+07
4        5.000076e+07
             ...     
26995    3.409396e+05
26996    3.409290e+05
26997    3.409185e+05
26998    3.409079e+05
26999    3.408973e+05
Length: 27000, dtype: float64","0           0.00000
1        6597.37170
2        6533.34293
3        6471.87407
4        6412.79105
            ...    
26995    1019.89430
26996    1019.88110
26997    1019.86790
26998    1019.85471
26999    1019.84151
Length: 27000, dtype: float64","0        1.65050
1        1.65050
2        1.65022
3        1.64994
4        1.64967
          ...   
26995    0.03256
26996    0.03252
26997    0.03247
26998    0.03243
26999    0.03239
Length: 27000, dtype: float64","0        69.84612
1        69.83436
2        69.82259
3        69.81093
4        69.79937
           ...   
26995     1.37613
26996     1.37427
26997     1.37240
26998     1.37053
26999     1.36867
Length: 27000, dtype: float64","0        0.00000
1        0.00000
2        2.77999
3        2.78028
4        2.75559
          ...   
26995    0.44087
26996    0.44086
26997    0.44085
26998    0.44085
26999    0.44084
Length: 27000, dtype: float64","0           0.00000
1        1322.98509
2        1322.74768
3        1310.63589
4        1298.98186
            ...    
26995      72.05871
26996      72.05631
26997      72.05392
26998      72.05152
26999      72.04913
Length: 27000, dtype: float64","0        0.00000
1        0.00000
2        0.00001
3        0.00001
4        0.00001
          ...   
26995    0.01966
26996    0.01967
26997    0.01967
26998    0.01967
26999    0.01967
Length: 27000, dtype: float64","0        0.02005
1        0.02004
2        0.02004
3        0.02003
4        0.02003
          ...   
26995    0.00038
26996    0.00038
26997    0.00038
26998    0.00038
26999    0.00038
Length: 27000, dtype: float64","0             0.00000
1        601740.31661
2        588082.56187
3        575124.48957
4        562811.33522
             ...     
26995      3837.63508
26996      3837.51618
26997      3837.39729
26998      3837.27840
26999      3837.15953
Length: 27000, dtype: float64","0        0.00000
1        0.00007
2        0.00015
3        0.00022
4        0.00029
          ...   
26995    0.04173
26996    0.04173
26997    0.04173
26998    0.04173
26999    0.04173
Length: 27000, dtype: float64",grain_blowout
43,"0        0.0000
1        0.0001
2        0.0002
3        0.0003
4        0.0004
          ...  
26995    2.6995
26996    2.6996
26997    2.6997
26998    2.6998
26999    2.6999
Length: 27000, dtype: float64","0        464.02953
1        464.05841
2        457.61742
3        451.45207
4        445.54302
           ...    
26995     21.38329
26996     21.38289
26997     21.38248
26998     21.38208
26999     21.38168
Length: 27000, dtype: float64","0        5.345379e+07
1        5.345925e+07
2        5.224588e+07
3        5.109467e+07
4        5.000076e+07
             ...     
26995    3.409396e+05
26996    3.409290e+05
26997    3.409185e+05
26998    3.409079e+05
26999    3.408973e+05
Length: 27000, dtype: float64","0           0.00000
1        6597.37170
2        6533.34293
3        6471.87407
4        6412.79105
            ...    
26995    1019.89430
26996    1019.88110
26997    1019.86790
26998    1019.85471
26999    1019.84151
Length: 27000, dtype: float64","0        1.65050
1        1.65050
2        1.65022
3        1.64994
4        1.64967
          ...   
26995    0.03256
26996    0.03252
26997    0.03247
26998    0.03243
26999    0.03239
Length: 27000, dtype: float64","0        69.84612
1        69.83436
2        69.82259
3        69.81093
4        69.79937
           ...   
26995     1.37613
26996     1.37427
26997     1.37240
26998     1.37053
26999     1.36867
Length: 27000, dtype: float64","0        0.00000
1        0.00000
2        2.77999
3        2.78028
4        2.75559
          ...   
26995    0.44087
26996    0.44086
26997    0.44085
26998    0.44085
26999    0.44084
Length: 27000, dtype: float64","0           0.00000
1        1322.98509
2        1322.74768
3        1310.63589
4        1298.98186
            ...    
26995      72.05871
26996      72.05631
26997      72.05392
26998      72.05152
26999      72.04913
Length: 27000, dtype: float64","0        0.00000
1        0.00000
2        0.00001
3        0.00001
4        0.00001
          ...   
26995    0.01966
26996    0.01967
26997    0.01967
26998    0.01967
26999    0.01967
Length: 27000, dtype: float64","0        0.02005
1        0.02004
2        0.02004
3        0.02003
4        0.02003
          ...   
26995    0.00038
26996    0.00038
26997    0.00038
26998    0.00038
26999    0.00038
Length: 27000, dtype: float64","0             0.00000
1        601740.31661
2        588082.56187
3        575124.48957
4        562811.33522
             ...     
26995      3837.63508
26996      3837.51618
26997      3837.39729
26998      3837.27840
26999      3837.15953
Length: 27000, dtype: float64","0        0.00000
1        0.00007
2        0.00015
3        0.00022
4        0.00029
          ...   
26995    0.04173
26996    0.04173
26997    0.04173
26998    0.04173
26999    0.04173
Length: 27000, dtype: float64",grain_blowout
44,"0        0.0000
1        0.0001
2        0.0002
3        0.0003
4        0.0004
          ...  
26995    2.6995
26996    2.6996
26997    2.6997
26998    2.6998
26999    2.6999
Length: 27000, dtype: float64","0        77.99858
1        78.00422
2        77.97791
3        77.95162
4        77.92537
           ...   
26995    23.13139
26996    23.13105
26997    23.13070
26998    23.13036
26999    23.13002
Length: 27000, dtype: float64","0        2.054034e+06
1        2.054274e+06
2        2.053151e+06
3        2.052030e+06
4        2.050910e+06
             ...     
26995    2.865534e+05
26996    2.865465e+05
26997    2.865397e+05
26998    2.865328e+05
26999    2.865259e+05
Length: 27000, dtype: float64","0          0.00000
1        577.69456
2        577.59996
3        577.50549
4        577.41114
           ...    
26995    482.50317
26996    482.50264
26997    482.50211
26998    482.50157
26999    482.50104
Length: 27000, dtype: float64","0        0.81956
1        0.81956
2        0.81953
3        0.81950
4        0.81947
          ...   
26995    0.09346
26996    0.09343
26997    0.09340
26998    0.09338
26999    0.09335
Length: 27000, dtype: float64","0        89.16374
1        89.16034
2        89.15693
3        89.15353
4        89.15012
           ...   
26995    10.16458
26996    10.16166
26997    10.15874
26998    10.15582
26999    10.15290
Length: 27000, dtype: float64","0        0.00000
1        0.00000
2        0.31300
3        0.31304
4        0.31300
          ...   
26995    0.26858
26996    0.26858
26997    0.26858
26998    0.26858
26999    0.26858
Length: 27000, dtype: float64","0           0.00000
1        1093.72400
2        1093.61280
3        1093.22378
4        1092.83516
            ...    
26995     131.39240
26996     131.38757
26997     131.38274
26998     131.37791
26999     131.37307
Length: 27000, dtype: float64","0        0.00000
1        0.00000
2        0.00000
3        0.00000
4        0.00000
          ...   
26995    0.01648
26996    0.01648
26997    0.01648
26998    0.01648
26999    0.01648
Length: 27000, dtype: float64","0        0.01816
1        0.01816
2        0.01815
3        0.01815
4        0.01815
          ...   
26995    0.00168
26996    0.00168
26997    0.00168
26998    0.00168
26999    0.00168
Length: 27000, dtype: float64","0            0.00000
1        28877.79450
2        28862.01091
3        28846.24926
4        28830.50951
            ...     
26995     4028.20186
26996     4028.10507
26997     4028.00827
26998     4027.91149
26999     4027.81471
Length: 27000, dtype: float64","0        0.00000
1        0.00000
2        0.00001
3        0.00001
4        0.00001
          ...   
26995    0.02392
26996    0.02392
26997    0.02392
26998    0.02392
26999    0.02392
Length: 27000, dtype: float64",grain_blowout
